1.0,1.0,1.0,1.0,1.0,1.0,1.0,1.0,1.0,1.0,2.0,2.0,2.0,2.0,2.0,2.0,2.0,2.0,2.0,2.0,2.0,2.0,3.0,3.0,3.0,3.0,3.0,3.0,3.0,3.0
-0.46427649,-1.6761689,-1.0860401,-1.4113675,-1.9453272,-1.1864222,-0.99331525,-0.89697208,-0.96583857,-0.46469596,-0.53445246,-1.4516799,-1.4575411,-0.72535432,-0.41319747,0.045628238,-1.1360166,-0.54187618,-0.65330839,-0.56870868,-0.80371556,-0.19181256,-0.19092144,-0.18049272,-0.26430177,-0.92710486,-1.6591204,-0.26588817,-1.3148891,-0.18718975
-0.55504787,-1.8393631,-1.1993047,-1.2082199,-1.4498402,-0.89319697,-0.86941944,-0.68568553,-1.6445832,-0.56773891,-0.95435372,-1.4452721,-0.66812559,-0.83786282,-0.40093457,-1.1299653,-1.3191953,-1.016107,-1.2951848,-0.88811805,-0.048160532,-0.046090166,-0.61605133,-0.98893115,-0.29092547,-0.64851524,-1.0013096,0.013127942,-1.3508606,-0.62080772
-0.8428431,-1.8336474,-1.1205787,-0.68190674,-1.4889456,-0.97773692,-0.34513531,-1.3513818,-1.8059354,-0.032022764,-0.80671095,-1.0735985,-1.1113596,-1.013462,-0.48202739,-0.52060748,-1.8446238,-1.0799024,-0.45738382,-0.047976584,-1.2992782,-1.3652374,-0.59802857,-0.30170209,-0.59856716,-0.17287512,0.34228684,-1.0288614,-0.57481938,-0.8156607
-0.86589548,-1.9145249,-1.196342,-1.5045847,-1.8004841,-0.63410927,-0.99690263,-1.4586668,-1.4996576,-0.63504562,-1.2468315,-1.2672501,-0.34308432,-0.46572995,-1.4029714,-1.0671846,-0.78869178,-1.1856653,-1.0920364,-0.038036109,-1.0722798,-0.90739761,-0.62544699,-0.47536458,-0.51886312,-0.7542555,-1.2260096,-1.0901081,-0.71378316,-0.52139796
-0.93639631,-1.7558387,-1.9522055,-1.1234059,-2.3130602,-1.3848198,-1.7425352,-1.1653456,-0.92008793,-0.60282554,-0.9643141,-0.70065033,-0.70083609,-1.6913581,-1.6825953,-1.3322887,-0.2517154,-0.79245206,-1.6823461,-0.48306827,-1.004018,-0.86673694,-0.15250752,-1.1352694,-0.48859389,0.11078113,-0.1731617,-1.8820585,-1.7298737,-0.7904229
-0.81726995,-1.0183235,-1.2724857,-1.5287978,-1.7720853,-1.2719261,-1.5874918,-1.4039293,-1.1157058,-0.26685628,-1.2763088,-1.8999688,-1.6145191,-0.89411332,-0.88150431,-0.86241869,-1.4876032,-0.7545928,-0.46181073,-1.0946887,-0.51145233,-1.1901317,-0.76632987,-0.057289223,-0.40709142,-1.4103976,-1.4114839,-0.5655942,-1.1608359,-0.96751744
-0.26361216,-1.1306754,-0.58827598,-1.6484307,-2.1548821,-1.2121711,-1.3256724,-1.8217996,-0.65019532,-0.26706128,-0.4257909,-1.5817058,-0.32822282,-0.94373184,-0.96358359,-1.0303567,-0.66876407,-0.057041218,-0.099362417,-0.95345287,-1.1732155,-1.1332513,-0.34225875,-1.0255147,-1.0714885,-1.0463559,-1.0705067,-0.26894619,-1.4472945,-1.4870063
-1.2580483,-1.310847,-1.0469528,-1.2315116,-1.3312254,-1.4527917,-1.4403564,-0.83160109,-0.91876634,-0.9310423,-1.6539739,-1.1126308,-1.147196,-0.27883962,-0.97870607,-1.0694771,-0.34036037,-0.43711047,-0.83480913,-0.030006881,-0.42206193,-0.32619413,-0.11039777,-0.35605223,-1.0957057,-1.2347957,-0.74977327,-0.99572492,-0.86289368,-0.27788714
-1.2503934,-1.8164125,-1.6139084,-1.4515667,-2.2651396,-0.93441701,-1.2479575,-1.0163124,-1.234708,-0.44938186,-0.023964525,-1.9280325,-0.95955295,-1.5188553,-1.3344809,-0.28594248,-1.0463815,-1.071181,-0.63588089,-0.79545456,-0.77931962,-0.42989176,0.0021554996,-1.5512765,-0.58450283,-0.50582154,-0.75264826,-0.59731892,-0.67713836,-0.83507474
-0.91830825,-1.5676502,-1.1719739,-1.3356381,-1.8002112,-1.1184247,-1.1284271,-0.8035304,-0.765662,-0.721342,-0.72056942,-0.86083952,-0.9377379,-1.5946845,0.088190119,-1.2188799,-0.31221353,-1.4760344,-1.0005826,-0.51445458,-1.0305855,-0.37947372,-0.7836308,-0.62007436,-1.0579088,-1.2502605,-0.97470965,-1.6351115,-0.48048624,0.050591042
-0.92210226,-1.7090048,-1.4139494,-1.6126185,-1.5211081,-1.2555297,-1.2283801,-1.2595048,-1.2495334,-0.39727192,-0.68575347,-1.5228447,-1.1292483,-1.3426236,-1.1303511,-0.2853232,-1.0314417,0.47155477,-0.70228705,-0.71876142,-0.93986722,-0.42582009,-0.61089988,0.052447554,-1.2733656,-0.46382362,-1.1844693,-0.08039498,-1.3897807,-0.81116835
-0.98448828,-1.8381577,-0.92861395,-1.3361607,-2.3136114,-0.55306942,-1.5300386,-1.1392341,-1.7374618,-0.96212589,-0.898673,-0.95691539,-0.77008233,-1.1202842,-1.3037927,-0.26678976,-1.200578,-1.3671025,-1.2797759,-0.51627228,-0.31624486,-0.27383201,0.10658067,-0.93545785,-0.54356665,-0.11837425,-0.69375462,-0.35296478,-0.83240864,-1.2260083
-1.2880511,-2.0375562,-1.0448008,-1.8873141,-1.561571,-0.84833881,-1.1232394,-0.87865203,-1.5279887,-1.4206669,-0.32934309,-0.73204122,0.081621931,-0.80089137,-0.576292,-0.23816393,-0.65047603,-0.60705672,-0.44286476,-1.0740292,-1.0157915,-0.5421093,-0.81204476,0.18916504,-0.71343161,-0.16425306,-0.67208712,-0.97863246,-0.47883842,-0.66836044
-1.14346,-1.920577,-0.92143405,-1.6757601,-1.6647261,-0.59113391,-0.74055674,-1.5487249,-0.079232916,-0.78343411,-0.12748655,-0.56823565,-1.2981814,-0.65102328,-0.80818222,-0.52411757,-1.6195842,-0.48991875,-0.3440623,-0.43143528,-0.83954942,-0.79264571,-0.35879075,0.032050584,-0.70303256,-0.46862795,-1.2442349,-0.93836275,-1.1849746,-0.7766806
-1.0488611,-2.0704954,-1.5816028,-0.84046076,-2.0304364,-0.95791379,-1.1127213,-0.9241581,-1.7740892,-0.46238569,-1.1907929,-1.2497892,-0.96523733,-0.024403606,-0.76819006,-0.91334663,-0.41275132,-0.45555956,-0.2339989,-0.70491401,-0.88175329,-0.73954924,-0.81303783,-0.70081844,-0.74443222,-0.6563887,-0.70470835,-0.79700427,-1.254646,0.064061697
-0.36538582,-1.2683563,-1.3650783,-1.3367653,-1.8441364,-1.1294229,-1.3592374,-1.3954822,-1.4501069,-1.1762238,-0.45345929,-1.5412049,-0.66715023,-0.5291322,-0.70830676,-1.4738832,-1.0506705,-0.12168338,0.1510754,0.081199243,-0.52385893,-0.39676505,-0.70709442,-0.44100229,1.9816132,-1.1738252,-0.95562658,-1.0378784,0.013948421,-1.2536498
-0.6913952,-1.9104731,-1.034428,-1.4637242,-1.3269888,-0.9333856,-0.96512871,0.77660864,-0.9725906,-0.50163816,-0.64526752,-0.029799833,-1.0982995,-1.0417177,-0.63691403,-0.5042288,-1.1751243,0.11616472,-1.1041234,-0.18071334,-1.4943161,0.78820313,-0.38788188,-1.2125231,1.6268814,-1.2733796,-0.91030487,-0.22083545,-0.55525262,-0.78899054
-0.98055025,-2.3168621,-1.7854559,-1.3090239,-1.1846436,-0.58903566,-1.1010116,1.1007268,-1.1061039,-0.584869,-1.0656805,-1.3522434,-0.37828312,-1.0352262,-1.0719855,-0.56962935,-0.42783798,-0.45235069,-0.39498416,-0.41380542,-0.97704229,-1.0095844,0.10734169,-0.95469813,1.8749989,-0.21488055,-0.43087698,-0.75256594,-0.81958545,-0.93422178
-0.99133601,-1.9383861,-1.2352466,-1.124379,-1.3397858,-0.58371528,-0.95559012,1.1898043,-0.58549992,-0.57916338,-1.1707628,-0.95515836,-0.78065035,-1.0563815,-1.2748177,-0.5336179,-1.2002837,-1.0259192,-0.43615021,-1.2541398,-1.1854062,-1.0214569,-0.44572221,-1.2730096,2.4378736,2.8086415,-1.0729946,-0.34790408,-0.43060757,-1.093595
-0.88708673,-1.693126,-1.386389,-1.2461759,-1.5957733,-1.1014271,-0.89125053,0.37514764,0.65617666,-0.92129812,-1.1741661,-0.47155622,-0.56298844,-0.73985536,-1.514769,-0.39170401,-0.58726538,-0.24586055,-0.34559941,0.62861272,-0.53754605,0.26665859,-1.1672573,-0.22575075,1.4256901,2.4076774,-1.2600261,-0.54974584,-0.36180528,-0.60790424
-1.109881,-1.7763622,-1.5531868,-1.6359913,-1.4135873,0.95476609,-1.7253304,0.94718837,0.94089133,-0.71637765,-1.0604769,-0.58745029,-1.1533463,-1.1202047,-0.81623903,-0.088669402,-1.1734667,-0.42968726,-0.28136512,0.10925689,-0.90970421,-0.40838054,-0.54807132,-0.23167118,1.6729608,2.1105914,-0.93508957,-0.83989395,-0.69913679,-0.70272797
-0.7687248,-1.869454,-1.2215104,-1.4760013,-1.6941628,0.4677592,-0.80204541,0.8037129,0.12330073,-0.54778741,-0.18178742,-1.4159553,-0.62034996,-0.83886616,-1.4044429,-0.24544549,-0.31876559,-0.2687588,-1.5286384,-0.40352451,-0.99280885,-1.0943337,-1.1710333,-0.072648984,1.6064739,2.4669613,-0.91345644,0.16577557,-0.46318072,0.018322662
-1.0102962,-1.5974441,-1.0011379,-1.27784,-1.9501844,0.70443666,-0.90679733,1.1572852,0.94435084,-0.99084424,-1.5679436,-1.2875925,-1.2457628,-2.0842919,-0.81263258,-0.48796857,-1.7099666,-0.2634656,-0.32386013,0.29848983,-0.14404907,-0.92151321,-1.5631386,-1.1073248,1.9180064,2.1726162,-1.3167916,-0.82058959,-1.0384395,2.9755749
-0.84699606,-1.5572653,-1.1816439,-1.1442174,-2.3001641,0.57508016,-1.1915468,0.88679201,0.96544329,-0.1464663,-1.2026326,-0.85261328,-0.24021575,-1.1412151,-0.6779068,-1.0758748,-1.6916216,-1.2946923,-0.049352715,-1.0170097,-0.41761158,-0.46141375,-0.48156384,-0.98843268,1.6707558,1.0236364,-1.0782544,0.17043701,-0.87191076,2.6772836
-1.3277464,-2.0565471,-1.2276562,-1.3992806,0.74808219,0.7102151,-0.81674442,1.0371525,0.65410243,-0.72003478,-0.92486201,-1.2192243,-0.75377318,-1.5929567,-0.86784401,-0.77054165,-1.0547829,-1.2626041,-0.37726411,0.1060293,-0.92892552,-0.11788893,-1.1722147,-0.51095916,2.5869829,1.8294243,-1.5473056,-0.19562305,0.16235142,2.3958002
-0.7129093,-2.010004,-1.5200499,-0.8675101,-0.57759913,0.91155929,-0.88905732,0.81501468,1.1691103,1.158976,-0.82454917,-1.1469607,-0.90916341,-1.3744438,-1.4520855,0.12178557,-1.3315449,-0.50661322,-0.7631592,-0.32393784,-0.98542965,-0.80826569,-1.6866007,-1.2916625,2.8834608,1.3666233,-0.67088897,-0.16771651,-1.5517221,1.4215092
-1.2977275,-1.5307578,-1.3457266,-1.4461691,-0.42445897,1.2105112,-0.82516196,0.79083989,1.2845549,0.67671541,-0.44795245,-1.7564192,-1.6005188,-1.016551,-1.2336377,-0.60312755,-0.68978191,-0.70429625,-1.0340353,-0.88263273,-0.74808792,0.5702656,-0.88472583,1.9794876,1.6354691,1.6083552,-1.0557277,-0.018689042,-0.56442558,1.977175
1.3314643,-2.0165547,1.0894583,-1.9022045,0.94431756,0.36599212,-1.4472326,0.54121132,0.34596186,1.4286689,-0.57859294,-0.033326112,-1.2602611,-1.6013184,-0.56150592,-0.7284997,-0.74499051,-0.45876713,-0.33223679,-0.078209774,-1.1212723,-0.93735109,-0.010229059,2.0700134,0.87473842,2.2194736,-0.65481015,-1.8193545,-0.85008979,2.5777637
0.9357379,1.0405238,0.92482173,-1.530185,0.29521697,0.90830843,0.6910064,0.85833113,0.73807776,1.4453657,-0.74727689,-1.3752193,-1.171491,-1.4569079,-0.36480873,-0.96412858,-0.98390993,-0.10284621,-0.28020547,-0.47673375,-0.59163954,-0.12921794,2.8985263,1.0395554,1.921256,2.5227732,-0.20693877,-0.56133501,-1.1442167,1.7979973
1.2360468,0.58608303,0.54954441,0.3253619,-0.14963383,0.87728523,0.68858377,0.6733739,0.27179429,1.3205576,-0.80173649,-1.0021882,-1.463888,-1.1742737,-0.35453427,-1.4459043,-1.191218,-0.18754201,-0.13788494,0.30925792,-0.57610482,0.67218407,2.216239,2.1136449,1.0056443,1.3319243,-1.2182106,-0.2603243,1.5509345,2.0809778
1.0560677,0.838227,0.26508528,0.46905359,0.87551438,1.1673055,0.58366106,0.44458719,0.72811836,1.4358162,-0.1041662,-1.4044749,-1.087752,-0.66798999,-1.3857061,-0.36443777,-0.54900341,0.31801101,0.2461653,-0.68720484,-0.34304568,0.30028264,2.0179622,1.5694374,1.594676,1.5967902,1.7868648,1.0102741,1.8843403,2.4283404
0.91074495,0.04491122,0.97434897,0.56519561,0.090401134,0.63502291,0.85555986,-0.12183138,0.79492296,1.6939661,-0.82388476,-0.99252528,-0.59664738,-0.57053875,-0.50840131,-0.78603573,0.58491821,0.38033778,0.42816063,-0.047918279,-0.19215621,-0.22392035,2.41845,1.8155671,1.7274531,1.801554,1.7425495,1.9958148,1.519006,2.0555506
1.3713479,0.14613207,1.3471257,0.71441974,0.48625435,0.69802271,1.1030254,0.91967102,1.0091565,1.4803887,-1.0478232,-0.77984008,0.032937193,-1.0489678,-1.3755098,-0.57176608,-0.59228439,-0.10167898,-0.089478177,0.043894441,-0.63897524,0.061306283,1.40028,1.9137555,1.5024944,1.6334803,2.0988358,2.0689189,1.4610599,1.8967239
0.93705876,0.53872107,0.70074693,1.1041744,0.12139845,1.0381243,1.2583014,0.89427478,0.7691433,1.4028043,-1.0747774,-0.44051254,-0.45434653,-0.96978764,-0.36845643,-0.53897736,-0.7627931,0.95464948,0.4907572,-0.24588905,0.05817203,0.27272979,1.7994363,2.2225243,1.9561263,2.1201932,2.0024871,1.3137435,2.0417409,1.5432423
0.91029198,-0.18984699,0.48237788,0.61741658,0.15967936,1.241403,1.1672337,0.80638547,1.1298219,1.8014574,-0.2116211,-1.3200567,-0.32232347,-0.44703656,-0.5430165,-0.3758589,-0.28296076,-0.66283014,0.6713313,1.4838271,0.39465613,0.76057262,1.6969591,1.1951803,1.0552201,0.64525149,3.0025799,2.7682704,1.72565,1.4445971
0.93108664,0.35383571,0.71089283,0.73910667,0.28773209,1.1632207,0.91549682,0.5112767,1.3305917,1.5814726,-0.21832959,-0.89838764,0.0080139129,-1.2568505,-0.8640374,0.23084154,-0.43538394,-0.48062778,0.41295809,0.47106999,0.14286705,-0.42186567,2.28646,1.5397679,1.0246788,1.2115352,1.4125655,3.0074897,1.6015916,1.8116056
1.4937796,0.39271314,0.28998491,0.81977592,0.22582485,1.5124796,0.52948368,1.3442117,0.82651334,1.5377314,-0.41880088,-1.0173178,-0.55090489,-0.72478729,0.14820155,-0.50682053,0.12619921,-0.077564941,0.37913856,-0.22834216,-0.7212354,1.0589795,1.6079591,2.0773155,0.65256714,1.8037851,1.7434457,2.4813077,1.9628069,1.9956928
1.3192656,0.23476025,0.41386545,0.37175913,0.84169322,0.81784859,0.82609106,0.52779297,0.37205588,1.3303783,-0.36216037,-0.81983388,-1.7238794,-0.67152077,-0.51513242,-0.64841152,-0.32895937,0.52292285,0.27176294,0.62188246,-0.47093988,0.72578815,1.9805331,1.8811179,0.59614373,1.105054,2.0627098,1.6712791,1.3539424,1.2824535
1.2190887,0.95123132,1.4348708,0.79409006,1.1893239,0.66386613,1.0162801,0.87990115,0.98891143,1.0161996,-0.90240589,-0.46342881,-0.71298755,-0.39260961,0.25196776,0.13500388,-1.4540955,0.30973786,0.30765932,0.85074754,-0.50914576,0.79048674,1.5972157,2.101956,1.6412489,0.85773651,1.7864975,1.8451293,1.2229962,1.1622186
0.94836262,0.27631157,0.60317123,0.64908952,-0.10440289,1.7044564,0.89997316,0.46565962,0.87252551,1.4841267,-0.28901674,-0.70963386,-0.097634314,0.12830997,-0.29424833,0.51073524,-0.52808624,-0.46564938,0.11743034,0.44598501,0.62108359,-0.032118388,2.1084371,1.1460387,0.45529184,1.3279825,1.3317411,1.5379286,1.7869775,0.63753639
0.16902251,1.3113603,0.43136035,0.80462467,0.68141151,0.75935581,0.92021327,1.2067151,0.73939406,1.5328158,0.18643332,-1.496482,0.22275197,-0.89664088,-0.94827573,0.047938769,-0.090953766,0.47058603,0.55011384,0.67410028,0.31205825,0.35129577,2.630913,1.4100143,1.6680644,0.61713361,1.7185832,2.5794682,1.8441476,1.1706085
0.97739879,-0.25559672,0.44183325,0.7500539,0.89665452,0.7499706,0.62249335,1.1078581,0.60514628,1.0457726,-0.40946663,0.016532712,-0.86164052,-0.45800889,-0.85960674,0.30895249,0.079060275,-0.56522324,0.61144087,0.4381375,-0.64008943,1.1415081,0.32431299,2.7351157,1.4892405,1.4273792,1.0693574,1.7858915,1.478125,1.9631356
1.2301476,0.20765827,-0.10801411,0.79710753,1.3251152,0.83270427,0.34791477,0.45690166,0.99366561,1.4242055,-0.65047271,-0.76396304,-1.3924552,-0.62077804,-0.9363843,-0.05311888,-1.1441439,-0.22816709,0.16105665,1.3025001,0.12299694,0.15705084,2.0039339,1.7063369,0.5727659,0.57586309,1.2867001,0.77811844,1.0144086,0.77109913
0.57156683,0.17435781,0.89241544,0.59478091,-0.069252989,1.2227109,0.83031441,1.1775873,0.93322375,1.0835608,-0.45441488,-0.13328552,0.56203106,-0.50049735,-1.1543855,0.07806494,-1.0339176,-0.08521383,0.18432944,1.5158618,-0.37004147,0.89759319,1.375639,1.1589091,1.0415091,1.181926,1.1863015,1.4365508,1.2597573,1.3564084
0.75134091,-0.12017424,0.5778934,1.0009765,0.68924579,0.90232881,1.1259322,1.0002784,1.4217209,1.5208966,-0.11389351,-0.45463944,-0.40374644,-0.18065818,-0.23640224,0.010870625,-0.45585968,0.19281564,0.42309098,1.0840099,0.22541113,0.057408278,1.6066234,1.2234244,0.50031883,1.7253645,0.6741384,1.3661197,1.5939116,1.0688878
0.96185121,-0.22322986,0.25520178,0.68636799,-0.038613033,1.1781278,0.89458992,0.47618669,1.3159995,1.2577513,-0.23384272,-0.61871839,-0.029286028,-0.12714237,-0.28693648,0.69882902,-0.53545457,1.7860352,0.36570259,0.5290753,-0.33374307,1.0024135,1.5629705,1.1480847,0.33889612,0.50129087,1.1476622,0.98004482,1.3652857,0.96622252
0.7813122,1.2490056,0.71199748,0.88010504,0.41765376,0.54886681,1.0507245,0.054943551,1.2065395,1.749913,-0.35574991,-0.23258088,0.29781231,-0.06160817,-0.77107285,0.28065694,-0.1334809,0.48155655,-0.11906285,1.0051872,-0.23195265,0.16678456,1.0942488,1.4269333,0.52844496,0.93291178,1.4843624,1.5519894,1.0879677,0.63150802
1.1044295,0.9859258,0.83199552,0.61919345,0.82191717,0.56644203,0.87218722,0.44948949,1.1228118,1.2473777,0.042898649,0.10300657,-0.051739094,-0.052072738,-0.30860765,-0.0039492122,-0.23433913,1.0973496,0.85993058,1.2504343,0.192395,0.57125101,1.9989286,1.0098808,-0.61851504,1.1783445,1.2184323,1.5791769,1.29133,1.3243248
1.0003177,0.20327761,0.965456,0.51698415,0.45904512,0.76870242,1.0804476,1.3881744,0.7358093,1.0419142,-0.33294606,0.67268793,-0.036795326,-0.14133932,-0.69329488,0.72663379,0.05169767,0.79399451,1.082336,1.8793513,0.83494802,1.3613683,0.63682814,0.2979778,0.14136337,-0.44062186,1.1450009,1.0407761,1.1279737,0.57754829
0.5507251,1.1527532,0.30815357,0.75327167,0.75300499,1.0623493,1.2956721,0.96731215,0.51280187,0.94787535,0.14298342,-0.59236213,0.38541702,-0.39546165,-0.069876712,-0.74015296,0.70200814,1.2252601,1.4303317,1.2464359,0.80722088,0.82747445,1.177158,1.165856,0.96112478,0.064496214,1.0854779,0.78035092,0.80096498,0.61924619
0.2688748,0.30661086,0.94061035,0.51981677,0.38800275,0.18623487,0.53001033,0.935913,0.85147774,1.0744766,-0.008987124,-0.51069962,-0.30506179,0.080395533,0.12989544,-0.15465246,0.23651687,0.34783848,0.76717693,0.97652281,0.41289603,0.73193346,1.1316542,1.4423254,0.4253932,0.14703889,0.88456258,1.2770931,0.51743737,0.70973118
1.1255209,0.076547755,1.1764897,0.4340956,0.27517804,-0.11948312,0.51094571,0.83772833,0.51404509,0.9034059,-0.6173054,-0.8851248,-0.20520501,-0.47998843,0.61579106,0.49140966,0.45185518,1.0716023,0.58821726,1.0508488,0.53196335,1.1546761,0.38103701,0.64762357,0.24802186,0.84942907,1.5109734,1.6370519,0.8071123,0.71686112
1.0758635,0.63545113,1.1338659,0.72032439,0.94957264,0.95585314,0.5403258,0.91058116,0.20156864,1.5118825,0.44103692,-0.30336034,-0.50098755,-0.28367625,-0.57197367,0.5761071,-0.72237534,1.3115848,1.209132,1.7077134,0.066785425,2.0413699,0.7283275,1.5802814,0.92684596,-0.05718158,-0.18997935,0.57035135,1.8071121,0.064235197
1.071738,0.89486513,0.96003062,0.53427176,1.4344182,0.51158409,1.2226683,1.3660553,1.6538373,1.3927594,-0.17330465,-0.69359809,0.15997844,-0.5465356,-0.99318404,1.275402,-1.2432526,0.46656292,1.7263926,0.77998733,0.47771411,1.6272471,0.61278084,1.3805082,-0.070188438,0.14111945,1.3140008,1.2229991,0.88469884,0.7860755
1.1544819,0.62037778,1.378043,0.39325538,0.32825712,1.462712,1.1324517,1.0687999,1.036961,1.3001539,0.72361554,-0.29782516,0.73209654,-0.52221725,0.33370436,0.71603016,0.46189042,-0.058372926,1.4130937,0.808501,0.84441627,0.91700658,0.72183866,0.24018415,0.36451597,-0.33043323,1.146641,1.1538672,0.76245922,0.4293552
0.75940186,-0.18845935,1.0122556,0.82401501,0.53519691,1.1588606,0.65389235,0.75227263,1.1578274,0.83813719,-0.096600547,-0.076922482,0.81884275,-0.65941612,0.084557966,0.69632866,0.53188484,0.96954147,0.55622778,1.9589051,-0.11677841,0.79848527,1.150952,-0.25211067,-0.47655087,0.035933696,1.3787721,0.64676806,1.3536524,-0.12929447
0.1511864,-0.15196841,0.63538818,0.74928136,-0.078509298,0.75850279,1.0042315,0.57201394,0.70534037,1.2572091,0.22278917,-0.89493707,-0.16115324,-0.15194648,0.01959336,0.96027291,0.36115854,0.6994231,1.7666853,2.5223094,1.6858442,0.77550279,0.74654007,0.22993742,0.62904738,-0.054716307,0.98934899,0.97953963,0.033225248,0.26692621
1.0202768,0.33220122,0.022833405,0.41138452,0.77098689,0.45966952,0.48009269,1.0940482,0.98197564,1.2913822,-0.23501687,-1.4067783,-0.27289337,-0.13632256,0.20659802,0.21000276,0.035405192,1.2123711,1.136342,1.6504349,-0.092232764,2.1892254,0.26998879,0.96750387,0.90695739,0.1031288,0.36317805,0.48625305,0.081856416,-0.22292191
1.2572739,0.60249486,0.96524023,0.73675419,0.37113048,0.98474029,0.84074081,0.64761495,0.6789268,0.93309089,-0.64920345,-0.033358023,-0.027449222,0.39282028,-0.14756448,0.67644428,0.31540263,0.49644502,1.0546981,1.9575071,1.4620247,1.6797414,0.68519704,0.47643634,-0.096148713,-0.063526312,0.14748699,0.50274601,0.80722973,-0.52256375
1.007149,0.51370361,0.87364367,0.69275085,0.65694497,0.80175065,1.5652768,0.52963184,0.59665527,1.1321494,-0.14862423,0.26341326,0.58537765,0.4159073,-0.57556637,0.44388457,0.53942624,0.54857089,2.0321687,1.9149208,0.58319725,1.6028206,0.91410808,0.82683125,-0.77196287,-0.6512401,0.58603606,0.47396303,1.4575662,-0.1557771
1.1624171,0.74781267,0.74033682,0.39740874,0.43312937,1.7173295,0.82850945,0.49755932,1.3834939,1.298867,-0.19067196,0.27918919,-0.15495009,0.27843832,-0.13514154,0.3851856,0.18157946,1.8987722,1.0086795,1.9881925,0.76024985,1.587114,-0.15011308,1.0169161,-0.048605278,-0.64318833,1.1854645,0.79208774,0.66706767,-0.98339485
0.82999734,0.38082105,0.97808731,0.2373315,1.3515205,0.9307224,1.0977412,0.52642423,1.0100946,1.0872863,0.67644311,-0.072183903,0.68361109,0.3457043,-0.098147428,-0.13249307,-0.38117853,1.3407996,0.81622192,2.3885283,0.89615231,1.9705002,0.2331992,0.25028391,-0.34020231,-0.48373921,0.75150078,1.0965073,0.46667079,-0.17329176
1.4850935,0.78298071,0.99425034,0.91243768,1.0818091,1.0411007,1.0064765,1.1162464,0.64604429,0.88443021,0.45476014,-0.42987596,-0.34046586,-0.062124093,0.27927747,0.9118359,-0.038683201,1.2230835,1.6454491,2.6563402,1.0448882,2.6496256,0.76261503,0.78469542,-0.46102363,-0.24843316,0.60514778,0.17735374,1.4491513,-0.1129916
1.1050903,0.44431085,0.64214015,0.62471944,0.63853277,1.4962874,0.81694658,0.66113631,0.69310586,1.7116547,0.26264415,-0.045461915,0.39516676,0.40884745,0.41121266,0.0072345174,0.58428663,2.5368313,1.3510436,3.2445649,1.5225677,2.7540968,-0.28149654,0.31103807,-0.77281108,0.10235015,0.47483316,-0.02494343,0.39552379,0.068609936
1.5393173,0.2926942,1.3323523,0.13460201,0.62464036,1.2666155,0.5472651,1.2357508,0.4970414,1.8816051,1.0730434,-1.1551774,0.26171642,0.38141793,0.41672231,1.4373747,-0.32397229,1.196893,1.8168135,2.5338502,0.13318418,2.8258981,-0.16896947,0.50064757,-0.24257945,0.0713039,0.96107776,0.74715056,1.3361334,0.062064246
1.1156157,0.091868955,1.0190053,1.3882167,0.8320766,0.73145943,0.2890393,0.31843227,0.72706147,2.0142497,1.434311,-0.17694081,0.26181406,0.46863013,0.51565615,1.4877386,0.028542624,2.6652291,1.4182199,2.2126811,0.85029089,1.2836761,-0.065266808,-0.015492703,0.15549482,-1.3911057,0.52471365,-0.62621086,0.22754556,-0.98737725
1.8913625,-0.050514032,0.95613221,0.50618395,0.010782965,1.0237892,0.77089542,0.83835116,0.61521183,1.3582739,0.25411835,-0.46117575,0.99616225,0.46554928,0.94625747,0.87531103,-0.11024854,1.1820102,2.3461108,-0.50017997,1.1278408,1.4381469,0.55790055,0.58123767,-0.25178655,-0.4056473,-0.15394245,0.75458571,0.71210972,-0.15782312
1.3900586,1.2861439,0.93795271,0.69848485,0.64650968,0.93556412,0.63850346,0.74050564,1.4007762,1.7428998,0.68366818,0.24090643,0.453167,0.069734945,0.61871638,1.4269118,-0.090853585,1.4287987,1.5772206,0.13632626,0.57158159,2.6800459,-0.49276568,0.17356139,-0.30365765,-0.5809594,0.09757418,-0.11655055,0.83755704,-0.87530832
1.1566925,0.10828169,0.81969693,1.0043839,0.13596977,0.39382371,0.51423648,0.020784929,0.86912179,-0.19463403,0.35172442,-0.10769848,0.38757066,0.72650576,0.27102965,1.3077878,0.34444066,3.0304417,1.0167561,-0.1441732,1.2333739,2.131806,0.15904454,0.3819802,0.43418061,-0.63221197,0.63112687,0.35544912,0.72776525,-0.66774572
1.5148579,0.80522684,0.87205438,0.54987661,0.96289747,1.1901373,1.1087905,1.0730881,0.63835202,-0.69161289,0.63615562,0.29667178,0.060823955,0.54255497,0.34714263,0.11626513,0.29367315,2.3991742,1.3038867,0.10614366,0.93537058,2.8742301,-0.089862303,-0.61986538,-0.69933904,-0.044700288,0.15337559,0.41967301,0.66757774,-0.75006786
1.6335918,0.16815878,0.25787489,0.21493848,1.1920667,0.85285641,0.64572451,0.58364943,0.86642328,-0.78410605,0.20832765,0.31851847,1.0198022,0.17868992,-0.23681671,0.89640734,0.76985943,2.3301131,1.0051752,-0.086865892,0.10485428,-0.24159697,-0.4742977,-0.40260496,-0.61802117,-0.70307926,0.67497771,0.72632371,1.0903951,-0.64379824
0.8102606,0.50830141,0.78018204,0.019752758,0.35138022,0.89362806,0.95856423,0.52286438,0.6384956,-1.0456777,0.95536928,0.97218367,-0.12271553,0.89392427,0.33968606,1.1792771,0.46189843,2.4316461,1.1306286,-1.2128345,1.6569312,-0.63133376,-0.31061278,0.018382095,0.37750898,0.027317813,0.5197087,0.050084305,0.91787054,-0.22634059
0.67666423,1.1735297,0.6738747,1.0356381,1.1121026,0.35903731,1.0223428,0.76806246,0.70404453,-0.91260367,0.62506095,0.14435346,0.15830376,0.74555567,0.39937201,1.6262948,0.25674241,2.0703542,1.9063848,0.052023116,1.4805752,0.2314321,0.024008001,-0.87388409,-1.3355021,-0.21014471,0.78963056,0.45298782,0.68248621,-1.0331616
0.7093935,0.56138322,0.81724355,0.47701775,0.10753398,0.35618625,0.7961917,0.027951249,1.1363315,-0.63809814,1.3248817,0.77675192,0.33932986,0.43463263,0.84288535,1.3844436,1.1647008,2.29497,1.9867792,0.28845924,1.217933,-0.72163753,-0.80645081,-0.44792596,-0.3697338,-0.79460852,0.64324918,0.2426207,-0.8617284,-1.097429
1.3614136,0.96692876,0.36534344,0.33124031,0.34865793,0.86502129,1.0128395,0.53486554,1.2837752,-0.51336585,1.4984977,0.13435869,1.6558363,0.75182315,1.0511599,1.7282625,0.61771557,2.7239833,1.2194448,-1.779425,1.6881445,-1.3465191,-1.1585527,-0.50871366,-0.5588992,0.08572185,0.095862338,0.77408957,0.23863958,-0.079633469
1.3123797,0.23028482,0.42070489,0.43421295,0.24445621,0.74456223,1.4103904,1.1600764,0.3864867,-0.71901813,0.46366632,0.33150148,0.70147368,0.35094056,0.72297909,1.4194429,-0.2402001,-0.32644669,2.0920028,-0.51452533,1.3160911,-0.55111404,-0.47445689,-0.1905825,-0.21277602,-0.32645735,0.27340345,-0.64985553,0.66677492,-0.69675432
0.59160823,0.14215412,0.71688325,0.82222549,0.081090089,1.5008393,0.42841327,0.67329933,0.71874969,-0.62510201,1.4486274,0.53017282,0.72580544,1.203612,0.22431286,2.2104051,0.67361208,-0.55558848,1.7855868,-0.61662303,1.1768394,-0.1406778,-0.31188692,-0.80908417,-0.91734999,-0.14502813,0.69210055,-1.0383237,-0.91671224,-0.12881874
0.83192841,0.34684179,0.45373798,0.76323335,0.50982885,1.4479109,0.69654772,0.51511586,0.71997736,-1.0947156,1.1001674,0.5547353,1.0309625,0.85581929,1.0912582,2.372559,0.20979055,-0.31433502,2.2143429,-1.0129302,0.75154982,-0.50672355,0.021997567,-1.4856297,-0.8208569,-0.35012787,-0.039582223,0.010781157,-0.10973655,-0.38258671
1.0970562,0.7256266,0.90722904,0.049930815,0.8557744,0.49838391,0.71962016,0.73101048,0.37895821,-0.40827834,1.3802508,0.99612201,0.93795371,0.7460659,1.3643937,1.6112413,0.75110981,-0.35673656,2.6234719,0.12700365,1.6960512,-0.29921359,0.65298539,-0.0063985083,-0.55675262,-0.21794026,-0.01358652,-0.72816293,0.49477458,-0.62352101
0.96495583,0.9740705,0.7640276,0.45229249,0.78689226,0.43684546,0.41732416,0.5570519,0.49499763,-0.84970078,1.8540192,0.85624398,1.0394302,0.67014575,0.42165135,1.3484733,1.0555208,-0.75114824,-0.60205801,-0.9401846,1.2029986,-0.44019218,-0.28635215,-0.60871124,0.23776249,-0.32959185,0.6181892,0.23004206,0.16561391,0.082143312
0.92592252,1.2369683,0.68000052,0.69135139,0.65935304,0.93109738,0.88260555,0.67391781,0.7687245,-0.34610102,1.8953925,0.077062292,0.51814446,1.3992954,0.87359049,1.6273636,-0.019858418,-0.61599811,-0.5823929,-0.57215784,2.2688814,-0.1946737,-1.1408391,-1.0593947,-0.25729069,0.12845749,0.029805155,-0.13793002,0.5077004,-0.60174991
1.236138,0.35006262,0.055896261,0.62040726,0.59408489,0.90552032,1.1400573,0.73782329,1.1050209,-0.5330766,1.2114755,0.13712406,1.1249994,0.96070967,0.445605,1.7479702,0.41397862,-0.097979738,-0.84013819,-0.4926672,1.5618377,-1.1049204,-0.41045038,-0.53277455,-0.7700356,-0.65713327,1.0828122,0.16797384,0.19842167,-0.80802295
1.1216699,0.086337202,0.81799938,1.0793722,0.11141785,0.55607449,1.587843,0.75758656,0.69508478,-0.29911195,-0.41879382,0.65268908,0.83485162,0.8159887,1.2442782,1.2611341,0.95529261,0.15586988,-1.4115271,-1.154128,1.1802266,-1.0818245,-0.072595054,-0.28891723,-0.12469113,-0.94942745,-0.070401903,0.53609531,0.55070789,-0.68654657
0.934699,0.42554094,0.83918009,0.61742048,0.22305162,0.9899975,1.3297604,0.61341014,1.2433819,-0.95372887,0.4571799,0.91076513,1.5169668,0.78351466,1.2039461,2.5174891,0.30307209,-1.3202342,-1.3036277,-0.5546875,1.507661,-0.60656119,-0.4788452,-0.29350139,-0.27058094,-0.84301918,1.2224032,-0.56608557,0.32034168,-0.75632934
1.2165038,0.6386707,0.69545592,0.79464326,0.70180545,0.8946919,1.251566,0.84436953,0.60760536,-1.016798,1.3182881,0.88496379,0.96716053,0.40912963,1.5692046,1.999826,0.22678269,0.2205874,-0.12561206,-1.4167936,1.574161,-0.018230952,-0.95921241,-0.48152098,-0.73298115,-0.87619114,0.72660739,-0.97945765,0.57957328,0.25401883
-1.6066345,0.43673008,1.350489,0.56504975,-0.29958251,1.5009818,0.55293607,0.23092281,0.90821337,-0.6437622,1.0294162,0.76587962,1.3140115,1.1420575,-0.31901601,2.1478803,1.2696688,0.17990165,-1.2883188,-0.72366355,2.2195771,-1.1479007,-0.51526047,0.0083014809,-2.2955199,0.12382749,-0.022053227,-0.55974456,0.46497222,0.16849676
-0.59477544,0.32377344,0.39422792,0.87384646,0.52543812,0.7706914,1.1342261,0.81072267,0.70483591,-0.18258826,0.75239198,0.080310314,0.44839564,0.59886026,0.47664286,2.1756302,1.0237819,0.0066411391,0.33090539,-0.4996501,1.9527089,-0.51634604,-1.0869169,-0.12306698,-0.52340239,-1.2787519,0.23243226,-0.73210933,0.25546615,-0.89879383
-0.75663256,0.42363,0.95245537,0.64519732,0.96316276,0.75863546,1.2679424,0.46563657,1.2331982,-0.59371171,0.6796554,1.3553746,0.40089484,0.80726121,0.40016159,1.9429213,0.61068148,-0.92876149,-1.1722267,-0.15871588,1.5847928,-0.60850863,-0.78198175,-0.22365607,-0.54268575,-0.78389721,-0.11107236,-0.61343642,0.18270159,0.31496567
-0.56605888,0.74518971,0.53171127,1.0577423,0.45454673,-1.1436141,0.83754173,1.0585618,0.88166856,-0.95491166,1.8214433,0.81173041,1.121328,1.3148517,0.088037228,2.6272376,0.62766564,-0.91145413,-0.66484887,-0.021429563,1.400484,-0.16648775,-0.13841975,-1.1988651,-0.72565473,-1.1164041,-0.65883041,-1.1595175,0.4742114,-0.64039093
-0.64849922,0.93620573,0.24643864,0.8543579,0.013857347,-1.0805613,1.1141439,1.0508045,0.79020946,-0.83566602,1.500847,1.2362628,1.1704351,1.285457,0.4311388,-0.76337419,0.80483652,0.5101775,-1.1317018,-0.11397757,2.4219723,0.22935373,0.18141411,-0.93456559,-0.27888823,-0.050300273,0.379001,-1.1583087,-1.1201658,0.054908869
-0.65649255,-0.20843484,0.19648507,0.69260713,0.26865177,-0.95205716,0.4057268,0.26099808,-1.3857184,-0.068534801,1.3801038,0.76923799,1.6531723,0.64119749,0.43583834,-0.72004567,1.2576258,-0.59035572,-0.033442328,-1.606342,1.9790782,0.47883145,-0.31050099,-0.48339757,-0.58308652,0.19320317,-0.17278053,-0.24266225,0.09455293,-1.0610227
-0.53225104,0.70140051,1.1246435,0.64256223,0.86404066,-1.2515097,1.1670415,0.52559198,-1.1628863,-0.99655287,1.2322127,0.76003096,1.8671649,0.71836055,1.0792415,0.14862199,0.27824332,-0.37550026,-1.0777512,-0.43054809,1.5745662,-1.348509,-0.19336406,-0.96904932,-0.92216736,-0.055090669,-0.2248607,-0.41708849,0.36385571,-0.11451285
-0.11504817,0.21476109,0.5800074,0.94367932,0.40360503,-0.91261756,0.32157638,0.74542894,-1.6174729,-0.57530227,1.0090692,1.0330856,1.7502219,1.0515327,1.2254708,-0.94812247,1.0116593,0.57876452,-0.79629789,-0.054970458,1.8392649,-0.59054764,-0.220193,-1.3685497,-0.65728573,-0.82713926,-0.74141405,-0.12098648,-0.51991495,-0.42844578
-0.57315237,0.57929527,0.60753531,0.63229025,0.16291332,-1.0911168,0.38995827,1.2730537,-0.83018522,-0.87850965,2.2597204,0.56723511,0.74047575,1.3008661,0.25609709,-0.77018497,0.9481706,-0.87096377,0.17340493,-1.4477832,-0.39215454,-0.98594824,0.28395025,-0.21265341,-0.49785969,-1.5861923,-0.38774294,-0.91364668,-0.6362482,-0.22686661
-0.54118282,0.41869057,0.55907619,0.52759599,0.67818835,-0.82779204,0.68733026,-1.4380408,-0.75270226,-0.57300108,1.5351658,0.72232941,1.5378773,1.0566809,1.0462752,-0.80356655,1.3131494,-0.81125156,-0.83124302,0.040901319,-0.62550815,-1.4470652,-0.32612753,-1.464681,-0.53204225,-1.6512917,-0.7880681,-0.88291291,-0.50799654,-0.54112199
-0.70008673,0.99133055,0.70523947,0.68830473,0.31607893,-1.0440469,0.85897314,-1.0470122,-1.3356085,-1.3124475,0.96748659,0.46095677,0.76780191,1.4653809,0.72955283,-0.89302881,1.0568914,-0.80150667,-0.48056904,-1.2090535,-1.3916833,-0.30716834,0.49693344,-2.0045652,-0.33290734,-0.25974459,-0.7098543,-0.61192441,-1.0590444,-0.53973069
-1.198927,0.65738846,0.85897981,0.82087486,0.83863274,-0.65014,1.5531322,-1.2866546,-0.56848558,-0.76434711,1.0935772,0.17264386,1.1107052,1.242815,0.22377717,-0.51130235,0.86802673,-0.15256987,-0.45282431,-0.66597733,-0.60842231,-0.51015645,-1.4000541,-0.98808145,-1.346463,-1.0058731,-0.22755127,-0.94525603,-0.94047199,-0.14083218
-0.95269931,0.68445105,0.78996608,1.649365,-0.015818773,-1.0914775,-0.74530347,-1.4821578,-1.0947592,-1.298105,1.7500689,0.11218754,0.85943587,1.1357449,1.1269495,-0.78322643,0.67285114,-0.23639525,0.076791894,0.17587064,-0.76520138,-0.81438692,-0.52215619,-0.56924622,-0.25208281,-0.18364477,-0.54368809,-0.57688672,-0.31047233,-1.0528451
-0.99828204,0.69133326,0.91860586,0.39503842,0.15086338,-0.31658968,-1.0565726,-1.5307109,-0.81530256,-0.66551315,1.1729346,0.96937029,1.4732797,0.71885287,0.93494215,-0.07052524,1.1699006,-0.30726272,-0.5595014,-1.07419,-0.92756696,-0.12271946,-0.48507168,-0.8939485,-0.001863708,-0.42933164,0.074652367,-0.91880831,-0.76992268,-0.031281577
-0.82499015,0.7318944,0.96221154,0.68197352,0.33054018,-0.431276,-0.71709464,-0.78511009,-0.83135334,-1.1346855,1.0836669,1.2961085,0.76201253,0.77500503,1.6534828,-0.48055259,2.1533316,-0.86733643,-0.48696618,-1.1357511,-1.0459406,-0.5452598,-0.84675052,-0.25888061,-1.1735002,-0.69848288,0.25284009,-0.8799629,-0.16970389,-0.29194234
-0.38078029,0.78324686,-0.068002807,0.82732584,0.35294863,-0.77623122,-0.97293723,-0.9609462,-0.76034898,-0.75601977,1.8194289,1.2168816,1.9532444,2.1568583,0.55810256,-1.1270017,1.7303024,-0.21329762,-0.57386694,-0.85132687,-0.89982213,-0.67938894,0.17722995,-0.52860515,-0.084336973,-0.62211002,-0.13793506,-0.68048441,-0.75705092,-0.33121468
-0.47659767,0.41453156,0.57405241,0.99891334,-0.018754314,-1.2922831,-1.2045143,-1.1873674,-1.4364913,-0.2016297,1.0551609,0.68894202,2.381494,1.4593949,1.7027505,-1.2194503,1.7757813,-1.1290144,-0.54531774,-0.47887339,0.0079994621,-1.1722303,-0.33219279,0.22083703,-0.17855893,-0.68543406,-0.24304022,-1.1576903,-1.2445363,-0.84529663
-0.60136144,0.43872652,0.61099787,0.63845798,0.23211064,-1.4572163,-1.1297703,-1.2784164,-0.79126424,-0.52347124,1.3133815,0.45037272,2.4813646,1.2590034,0.59558382,-0.60405221,1.3131522,-0.58603304,-0.93150711,-1.2767027,-1.0655061,-0.57147522,-0.60240288,-0.92888178,-0.26426014,-0.25245646,-0.36089449,-0.98941468,-0.67997309,-0.32301285
-0.36936332,0.61201751,0.76679973,0.3610378,-0.32496165,-1.0416015,-1.0605064,-1.6042832,-0.89178136,-0.54736059,2.2057614,1.6727502,1.4697867,1.5286297,2.0257352,-0.80643776,1.7217679,-0.014825604,-0.71814144,0.019725047,-0.25011661,-0.04000541,-0.80517814,0.54073917,-0.55089842,-0.047334874,-0.029082939,-0.50845053,0.050044479,-1.7707148
-1.2990449,0.4596104,0.95294254,1.477854,0.84210966,-1.1288245,-0.83042165,-1.0709812,-1.7557683,-0.64955961,2.0762304,1.5035008,1.5986863,1.535528,2.316542,-0.72657274,1.3942813,-0.62851536,-1.1302302,-0.369314,-0.55861856,-0.8270847,0.048044171,-0.9377794,-0.83157774,-1.3660801,-0.89519288,-0.53246682,-0.51713965,-0.35247098
-0.91839479,0.60621759,1.5433801,0.78182392,0.57055189,-0.77138566,-0.917643,-1.6754713,-0.98050679,-0.50296123,1.9704763,0.82119717,2.0692537,1.1469998,1.8348099,-0.4621805,1.6833179,-1.3924464,-1.346708,-0.82186455,-0.65189897,0.035827969,-0.302796,-0.64957941,-0.38986338,-0.64679778,-0.93695084,-0.054940746,-0.77069892,-0.80546958
-1.2648127,0.28803009,0.51082746,0.87852312,0.13407062,-0.91691058,-0.84730283,-1.3659584,-1.3844787,-1.0486008,1.4070528,1.1331489,1.7300932,2.3857362,1.0476474,-1.3699478,1.6204521,-0.56504878,-1.0330267,-0.80150441,0.028629425,-0.81619452,0.019922383,-0.99414082,-0.91872075,-0.90700572,-0.79568874,-1.4022523,-0.50092022,-1.1035997
-0.99193767,0.81143206,-1.110865,0.27577444,0.27334854,-0.61768064,-0.79779742,-0.75949943,-0.91328611,-0.42731485,-0.871952,1.3969595,1.9566998,1.9051881,1.5634947,-1.3697154,1.0843436,-0.42840504,-0.85060372,-0.17233083,-0.8123752,-1.4790771,-1.1454434,-0.46471923,-0.6140899,0.24705217,-0.88363538,-0.39745335,-0.48101201,0.0432535
-0.80557657,0.61400665,-0.72600282,0.50566809,-0.046006644,-0.33805487,-1.6820651,-1.2358024,-1.321919,-0.52852383,-1.0453352,1.4722824,-1.0528683,1.3291557,0.38780193,-0.40403956,1.2366574,-0.84980539,-1.3217558,-0.60426942,-0.79399811,-0.3120171,-0.44269311,-0.5753051,-0.36568329,0.023509268,-0.10457689,-0.62297756,-0.2846106,-0.14961907
-0.9209508,0.97197918,-1.0787104,0.90401424,0.30515463,-0.79184475,-0.68949721,-0.92424488,-0.98416647,-0.37242231,-1.5306803,1.3292399,-0.23562602,0.92590096,1.0953417,-1.486923,1.5008807,-0.46236492,-0.42175307,-0.44592446,-1.0074848,-0.16361039,-0.19879833,-0.55556299,-1.3958669,-0.032746676,-0.66085596,1.0150523,-0.6284647,-0.11649553
-0.36623347,1.0958187,-0.8191732,0.97859124,0.94640847,-1.0550173,-1.0339823,-0.42304976,-0.84501669,-0.53581141,-0.54196988,0.22648234,-0.5467875,2.2246126,1.5565849,-0.41438953,1.2621757,-0.58155991,-1.0300436,-0.44231209,-0.72315972,-0.008755673,-0.67522525,-0.1369316,-1.3833928,-0.2120457,-0.48169108,-0.98007014,-0.97608295,-0.30163771
-0.34636283,0.6685207,-1.3041076,1.293272,0.11022648,-1.5572912,-0.8908132,-0.79458906,-0.37496782,-1.0670652,-0.39713981,1.5700914,-0.21907182,1.6397351,1.5888243,-0.87914767,1.4077033,-1.1812115,-0.65146576,0.0055312883,-0.62681193,-0.9703171,-1.347667,-0.83849085,-0.22620111,-1.0043928,-1.5252541,-0.41298103,-1.4588606,0.68454403
-1.0469164,0.45076538,-1.3954518,0.97462806,0.46676175,-1.3470454,-0.64021358,-0.56249325,-0.50818539,-0.27533836,-1.3915764,1.4057299,-0.47746575,1.4564805,1.4871899,-0.50301729,1.0258798,-0.64298681,-0.81487762,-0.96598956,-0.48690741,-1.1436149,-0.65174383,-0.77773196,0.19321364,-0.33741455,-0.38765602,0.004458699,-0.68271444,-0.86974124
-0.91466684,0.39787657,-0.66780916,-1.4340929,0.8589856,-1.4064534,-0.84529122,-1.149179,-0.89320976,-1.2613407,-0.97516211,1.2636841,-1.1039967,1.9931569,2.2218862,-0.60799031,1.9108007,-0.881281,-0.33824566,-0.078308797,-0.27488328,-0.14764036,-1.4385763,-0.30341656,-0.49249554,-0.25996141,-0.69985226,-0.11164402,-0.76352141,-0.23256939
-0.91156991,0.82967223,-1.5307483,-0.6300401,0.94712913,-1.2348963,-1.0201387,-1.5818938,-1.2363849,-0.64488319,-0.88009998,0.63403971,-1.4644144,0.87754649,1.9357958,-0.47770134,1.5197333,-0.89986539,-0.14223272,-0.53922905,-0.76919638,-0.84466755,-0.97053434,-0.65031051,-1.1573979,-0.33290546,-1.0019677,-0.0022657036,-1.1142044,-0.099145246
-0.98677519,-0.49899106,-1.5371718,-1.3681723,0.39697047,-1.1200534,-0.40586891,-1.776748,-0.83926403,-0.64730097,-0.86038397,0.70702897,-0.27332119,-1.0246523,1.7167256,-1.3624718,1.5488365,0.049549096,-1.6228883,-0.60782592,-0.9236149,-0.29179904,-0.8531605,-0.89793295,-0.77052701,-1.2483982,-0.69697754,-0.2210145,-1.3590803,-0.62664079
-1.2189544,-0.075780446,-1.1159438,-1.3837793,0.54327975,-0.72825908,-0.73054385,-1.0813674,-0.74595696,-0.61908114,-0.84691661,0.7716836,-1.6609621,-0.69016316,2.3949241,-1.0512259,1.8204821,0.27991316,-0.79138206,0.029041713,-1.1266212,-0.62226572,-0.16028965,-0.34821985,-0.8282208,-0.37546476,-0.87524965,-0.5582054,-1.3662736,-0.67594493
-0.52962015,0.68065495,-0.70930114,-1.1988677,0.77569365,-1.1416243,-1.1521869,-1.7331049,-0.77100499,-1.5555533,-0.62996574,1.1924778,-0.38858647,-1.4285253,-1.6929596,-0.33106141,-1.5965186,-0.83761424,-1.3063309,0.043836515,-0.054434835,0.01125952,-0.36237155,0.058047295,-0.83609388,-0.27113862,-0.59231081,-0.67453391,-1.3409384,-0.13114944
-1.3310856,0.55315884,-1.3616049,-1.1725291,0.38997543,-0.85689341,-0.85923243,-1.0625534,-1.0725346,-0.28672132,-1.1255683,2.0396389,-0.74768955,-0.83501556,-1.3310577,-0.2962114,-1.182911,-0.19540295,-0.39105805,-0.99073975,-1.8488276,-0.47271566,-1.6014369,-1.483386,-1.1660852,-0.95298771,-1.7025162,-0.53106131,-0.28836919,-0.90861539
-1.0837,0.58961712,-1.5906629,-1.0685065,-0.18036944,-1.217625,-1.0586327,-1.5686762,-1.0630339,-0.63715759,-0.9760482,2.1157507,-1.9461114,-0.42552528,-0.83250778,-0.33196691,-1.0735136,-0.13638201,-0.35810938,0.51837462,-0.54943211,-0.34503809,-0.95189057,-0.19411628,-0.19188009,-0.1024645,-0.45125575,-0.95256615,-0.70969905,-0.72628649
-1.0179615,0.42792071,-1.1502034,-1.2353608,0.55412087,-0.82365374,-0.11725252,-1.3640403,-1.3165634,-0.15526015,-0.71271199,1.4989544,-0.87893175,-0.18295292,-0.45540408,0.46703546,-1.6113624,0.32298378,-1.163435,-0.22856277,-0.96826931,-0.52733174,-0.96703176,-0.68419541,-0.12291072,-0.77803014,-0.6771613,-0.43097339,-0.58787367,0.18377755
-0.91602872,0.31634488,-1.220833,-0.95246064,0.6861262,-1.2804516,-1.2548128,-1.1551774,-0.7357389,-0.68812931,-1.5341267,1.5279886,-0.15384654,-1.0354717,-1.1534846,-0.32367753,-1.0643404,-1.2331742,-0.40071116,-0.56528868,-0.35398297,0.094133187,-0.53914716,0.40438718,-0.70074636,0.011595386,-1.0743789,-0.7367405,-0.1035496,-0.73744409
-1.1342892,1.1403812,-0.84515792,-1.17055,0.69061802,-1.589396,-0.48167128,-0.99586114,-1.0521517,-0.88560876,-0.87642945,1.6889006,-0.94347048,-0.4272099,-1.8522449,-0.17948851,-0.97073635,-0.9370792,-0.40975972,-0.64299796,-0.59589164,-0.76664229,-1.0602374,-0.25844245,-0.58787039,-0.79037813,-1.0223796,-0.67087228,-1.4629593,-1.1139967
-0.92022369,0.085502323,-1.3918419,-1.5769658,0.62076416,-0.99829383,-1.2181962,-1.1637529,-0.96046486,-0.76623926,-0.49989017,1.8392142,0.039519147,-0.95864023,-1.1760238,-0.2449603,-0.82728087,-1.0478414,-0.72094741,-1.1094278,-0.60619449,-0.79881009,-0.86791273,-0.13923151,-0.76991747,-0.51569789,-0.34106597,-0.6692318,-1.2877872,-0.39398661
-0.7893615,-0.074704775,-1.3635217,-1.7424691,0.92600816,-0.81079982,-1.2254463,-0.91652327,-1.1335659,-0.86531525,-0.47217788,0.98446914,-0.13596074,-0.8053724,-1.0583777,-5.3901358e-05,-0.95353773,-0.56434825,-0.33299027,-0.10109322,-0.86444414,-0.74040718,0.20378343,-0.79976687,0.19209267,-1.1105685,-1.5544,-1.3499637,-0.18902547,-0.5878895
-0.63870583,0.34936945,-1.5272032,-1.1610456,-1.9410525,-0.98159057,-1.1708605,-0.58209806,-0.61034365,-0.2844857,-0.64063559,1.229552,-0.71532283,-0.8015736,-0.41020933,-1.4092624,-1.2701854,-0.31455899,0.54820399,-0.23394901,-0.70619191,0.079962035,-0.7713976,0.019759525,-1.4431544,-0.8728463,-1.5166666,-0.40554432,-1.5767386,-0.60823187
-0.96366425,0.59884996,-1.0520128,-0.96438276,-2.1112366,-1.2784443,-1.3251094,-1.2590094,-1.1652195,-0.68788913,-0.94263255,0.83971068,-0.71906618,-0.61244239,-1.0279812,-0.78151173,-1.7427579,-1.1107676,-0.59622877,-0.61982693,-1.3886558,-0.64473853,-0.33574265,-0.94213238,-1.0394812,0.12931092,0.11370846,-0.93063204,-0.83416965,-0.63646459
-1.2451691,0.15316933,-0.90539485,-1.3161164,-1.7680882,-1.1078289,-0.89458237,-1.3925241,-0.68589892,-0.88760835,-1.4629324,-0.41584243,-1.2017011,-1.0228857,-0.54993385,-0.61823709,-0.92594391,0.10526572,-0.19067185,-0.083061887,-0.65071018,-0.69925319,-0.47197176,0.013120739,-0.63120869,-0.14265778,-1.0064522,-0.77730274,-0.75750669,-0.34902865
