1.0,1.0,1.0,1.0,1.0,1.0,1.0,1.0,1.0,1.0,1.0,1.0,1.0,1.0,1.0,1.0,1.0,1.0,1.0,1.0,1.0,1.0,1.0,1.0,1.0,1.0,1.0,1.0,1.0,1.0,1.0,1.0,1.0,1.0,1.0,1.0,1.0,1.0,1.0,1.0,1.0,1.0,1.0,1.0,1.0,1.0,1.0,1.0,1.0,1.0,2.0,2.0,2.0,2.0,2.0,2.0,2.0,2.0,2.0,2.0,2.0,2.0,2.0,2.0,2.0,2.0,2.0,2.0,2.0,2.0,2.0,2.0,2.0,2.0,2.0,2.0,2.0,2.0,2.0,2.0,2.0,2.0,2.0,2.0,2.0,2.0,2.0,2.0,2.0,2.0,2.0,2.0,2.0,2.0,2.0,2.0,2.0,2.0,2.0,2.0,3.0,3.0,3.0,3.0,3.0,3.0,3.0,3.0,3.0,3.0,3.0,3.0,3.0,3.0,3.0,3.0,3.0,3.0,3.0,3.0,3.0,3.0,3.0,3.0,3.0,3.0,3.0,3.0,3.0,3.0,3.0,3.0,3.0,3.0,3.0,3.0,3.0,3.0,3.0,3.0,3.0,3.0,3.0,3.0,3.0,3.0,3.0,3.0,3.0,3.0
0.48105169,0.51896034,0.53886193,0.58238495,0.55846366,0.57396551,0.4447078,0.49337907,0.54040384,0.459756,0.65474617,0.50824374,0.35578579,0.44564649,0.49475605,0.68191985,0.39005766,0.53934426,0.57748488,0.44262565,0.53438536,0.51925953,0.44955648,0.57151493,0.51769357,0.62052286,0.46252507,0.4813204,0.51757922,0.41742418,0.63227456,0.49413124,0.51289055,0.46525358,0.53927021,0.52156894,0.46588491,0.4645167,0.46475754,0.4627767,0.59469425,0.49679278,0.43550565,0.40634885,0.42842048,0.58021059,0.4318812,0.43288655,0.57345172,0.5274097,0.074089577,0.048738593,0.54306218,0.003394123,0.94623015,0.21810873,0.31801912,0.44239789,0.77236621,0.25678456,0.06835722,0.15415945,0.22067689,0.22118446,0.50165911,0.40243355,0.34726131,0.69440391,0.27939197,0.76154619,0.78507008,0.12321952,0.74766284,0.64512879,0.76240805,0.52378004,0.18917967,0.026107108,0.49506692,0.13864897,0.60863543,0.71649735,0.55230984,0.26487259,0.28742727,0.67227024,0.14784947,0.76241448,0.17385304,0.5760559,0.22802832,0.43059652,0.24150174,0.43151118,0.91019523,0.0097586499,0.95641636,0.33257141,0.0073486611,0.36037098,0.021239549,0.43693278,0.75379177,0.48961939,0.89764654,0.26981163,0.64436646,0.64007451,0.49445635,0.25996528,0.055313772,0.93744957,0.57857231,0.28856531,0.98974014,0.82699833,0.56499609,0.1100485,0.86019024,0.39722826,0.006107803,0.4305952,0.067785488,0.26904681,0.75983182,0.9154766,0.27743872,0.37137858,0.56686083,0.35592212,0.29086033,0.40236358,0.35670575,0.45282243,0.51991682,0.88552123,0.86218743,0.43913408,0.54800916,0.88423132,0.20359238,0.39587096,0.1836757,0.86165672,0.2409048,0.74237233,0.28284009,0.45635072,0.29092574,0.25141348
0.61451433,0.53748938,0.6939486,0.60825565,0.67321147,0.55691528,0.62160672,0.55254514,0.50850664,0.58343167,0.58302056,0.61411968,0.6390992,0.58382067,0.56717992,0.71059439,0.63000464,0.67992123,0.526955,0.66626094,0.59832214,0.5583161,0.54614715,0.64250897,0.66007707,0.6645708,0.65039873,0.64949827,0.64775148,0.6100467,0.62615228,0.60119235,0.58256453,0.68137461,0.69272972,0.69256929,0.5817266,0.58927349,0.64456768,0.65263917,0.5805984,0.69683483,0.51808224,0.64834572,0.56214408,0.70777488,0.61848577,0.64758397,0.61511509,0.63418445,0.83717064,0.72518236,0.45220745,0.056932885,0.19098644,0.57326038,0.64231523,0.74661722,0.78972986,0.061028929,0.19303982,0.98843927,0.45032381,0.97976522,0.10974237,0.49628889,0.91164742,0.94810874,0.82773217,0.26988366,0.6714368,0.29145713,0.71040869,0.61462696,0.52463735,0.96216103,0.68663781,0.39066754,0.90644327,0.37384767,0.22126573,0.60026215,0.010979092,0.18577826,0.10986171,0.83825559,0.2553703,0.37472247,0.9328979,0.97265108,0.23536677,0.15194708,0.81062811,0.58471862,0.83705645,0.5846413,0.089998815,0.50599946,0.13111471,0.55655575,0.39043083,0.80191197,0.946916,0.59602167,0.72903612,0.80857071,0.47371075,0.027750088,0.25034288,0.16247649,0.73763307,0.054297354,0.83088648,0.2026161,0.98453235,0.17388314,0.95987508,0.8099138,0.66808593,0.17882779,0.27519649,0.24719986,0.48837964,0.21627621,0.1439508,0.82464682,0.33786974,0.24193683,0.11327645,0.79187918,0.53784284,0.57513483,0.48165698,0.50093992,0.51643241,0.84919871,0.68893336,0.86772679,0.87353646,0.75098538,0.60431351,0.4521735,0.88592445,0.213837,0.99292844,0.35109843,0.0017993239,0.61272711,0.85060766,0.43143338
0.61837825,0.74551605,0.78973396,0.79051256,0.73006868,0.77355636,0.64740848,0.77830386,0.78213168,0.73712261,0.81210518,0.63055764,0.70260912,0.66546605,0.72377303,0.71988312,0.77546109,0.72020295,0.71429649,0.80817286,0.80819732,0.72862345,0.68060195,0.70514927,0.71494182,0.76061779,0.6909447,0.74107032,0.75772918,0.79012242,0.77108582,0.72800249,0.74551006,0.57654113,0.68421353,0.6150823,0.66735764,0.82918454,0.74085281,0.77448947,0.67651162,0.71838802,0.70139943,0.75705862,0.75158172,0.74913578,0.66191057,0.68078111,0.80450363,0.7742413,0.20760303,0.67894101,0.53096445,0.13381099,0.968925,0.78114527,0.80899027,0.74915973,0.19579798,0.88033786,0.71165671,0.39629025,0.67146289,0.45137485,0.43198061,0.49835358,0.36909169,0.32683965,0.17923148,0.54266699,0.67687109,0.47847447,0.80092088,0.99521598,0.71241481,0.36428687,0.16976707,0.65011803,0.44252996,0.55217503,0.35650893,0.55882055,0.18657144,0.53234993,0.54055043,0.19822179,0.16960881,0.4138865,0.32868961,0.016674713,0.99235897,0.075967361,0.47948455,0.19507153,0.073243434,0.47110187,0.70507748,0.19376594,0.30913643,0.53506711,0.32248159,0.21907736,0.87145215,0.76993388,0.20715808,0.82958085,0.96854594,0.76721474,0.52329906,0.23425124,0.94402919,0.3812661,0.72416617,0.32340138,0.70608477,0.28644587,0.98685222,0.37505158,0.4691052,0.30952498,0.2394917,0.16529762,0.4299153,0.11087022,0.73210385,0.61368235,0.4073196,0.50141459,0.49652027,0.78882317,0.66293291,0.14114982,0.39343459,0.95003395,0.19856307,0.8288017,0.90183137,0.62545015,0.29828415,0.51208665,0.86393764,0.47303064,0.59533642,0.75287412,0.35857996,0.50674715,0.77430971,0.53395818,0.74984802,0.10704016
0.49711009,0.5112202,0.50985124,0.52443113,0.50725943,0.62422306,0.51899746,0.46188534,0.51260911,0.48934765,0.49640311,0.48742853,0.50195712,0.4428075,0.47895314,0.5443035,0.52357453,0.45650192,0.48387076,0.4794465,0.51937561,0.61188894,0.49030277,0.37815567,0.39639527,0.49866549,0.43156766,0.52546888,0.55097003,0.52506635,0.45171332,0.41120704,0.4872114,0.55992327,0.49563993,0.53115835,0.45015136,0.50816799,0.51981067,0.45120076,0.45557595,0.43947028,0.54789442,0.53338003,0.491307,0.54223342,0.48858718,0.4577673,0.53543396,0.52050314,0.87718175,0.39305176,0.20834598,0.46495428,0.73856042,0.78044595,0.24108406,0.5367878,0.43665664,0.41862541,0.092988927,0.80296532,0.81397693,0.54281311,0.12402592,0.59403703,0.68527968,0.34626072,0.62492353,0.47076325,0.37661108,0.2832679,0.69162515,0.7270796,0.85689633,0.071234572,0.42923854,0.91502591,0.40745574,0.70206645,0.8413691,0.63932376,0.35411647,0.18198047,0.95619615,0.19343375,0.61086898,0.20847022,0.009332512,0.043390472,0.43655478,0.0014190582,0.62400055,0.75442458,0.85721276,0.15571983,0.99947786,0.2203101,0.45496615,0.60743261,0.20825839,0.29779518,0.066676945,0.31780539,0.83118862,0.98444841,0.7450931,0.35387917,0.072830805,0.8783277,0.95589584,0.48693244,0.50878723,0.92233809,0.54825089,0.29820099,0.23612917,0.53931058,0.86198984,0.083820882,0.31834483,0.23309027,0.75122361,0.32702429,0.0062257874,0.53049029,0.90149562,0.40761944,0.63457948,0.28166034,0.38835567,0.36129706,0.084258001,0.2537181,0.70395283,0.68486378,0.68765255,0.39889556,0.38084753,0.74162909,0.64975098,0.48090034,0.74925126,0.84185173,0.57959346,0.57412562,0.70867106,0.46839876,0.3743456,0.445789
0.65952413,0.56141838,0.61629206,0.64376788,0.64347167,0.62284734,0.6359999,0.65394435,0.65477443,0.57640526,0.62034735,0.62774184,0.50469892,0.60098746,0.61237167,0.67707754,0.53984395,0.70470077,0.58696068,0.60496303,0.69579998,0.54194932,0.64400713,0.68751006,0.70422469,0.6290243,0.64369654,0.67043682,0.59862483,0.59765929,0.6186154,0.58113994,0.60740898,0.63409222,0.5811592,0.62647589,0.63406682,0.58268107,0.64256238,0.66634164,0.63871435,0.59937059,0.67270584,0.52650603,0.58433748,0.53794867,0.56465191,0.6346398,0.59856791,0.65197842,0.7551459,0.60197977,0.95754312,0.83112958,0.92748801,0.234118,0.5230298,0.23365315,0.74036547,0.12959698,0.14390833,0.00034146222,0.15650185,0.8854201,0.54640189,0.30936924,0.41442888,0.24260339,0.28708461,0.34668175,0.49757701,0.82239401,0.7458749,0.32318627,0.62280279,0.74614794,0.6181005,0.32415421,0.80511242,0.58251852,0.32529899,0.99170372,0.76959693,0.15482877,0.35650362,0.74486786,0.781374,0.60980182,0.25448084,0.79662469,0.69281841,0.40637332,0.92948447,0.89226719,0.83184251,0.22506788,0.54087832,0.26296403,0.16689072,0.74753366,0.48100954,0.64565866,0.80937729,0.21779204,0.10240779,0.85855362,0.3848157,0.68430015,0.8808472,0.49293432,0.009977395,0.5711861,0.35582812,0.9591169,0.86100825,0.42425327,0.41323775,0.2210571,0.24128561,0.62292405,0.61760065,0.060165416,0.13339461,0.152902,0.55683053,0.84775856,0.48791063,0.12379353,0.6153294,0.47991368,0.10371284,0.58350447,0.48230529,0.9903812,0.78981118,0.25809638,0.23430283,0.47259751,0.6193868,0.083269748,0.30505312,0.26844016,0.28393901,0.61539285,0.32024356,0.05221138,0.79023514,0.73573281,0.71202525,0.1588243
0.8790139,0.73634007,0.69626634,0.089950679,0.4243095,0.78996303,0.49500582,0.51442346,0.98987215,0.68341587,0.063591371,0.054974147,0.58609207,0.52005247,0.44230541,0.21867663,0.54471611,0.86113981,0.77198039,0.1388742,0.019577624,0.044454092,0.34771267,0.24278536,0.39345636,0.16725355,0.14999725,0.52249531,0.31852425,0.44240231,0.56055953,0.74870572,0.53406413,0.75493327,0.40458,0.39679152,0.8335006,0.76911439,0.58802606,0.11170574,0.63931696,0.62789638,0.10969746,0.81539721,0.43864498,0.32756543,0.19986282,0.15475235,0.93285357,0.40695484,0.19522179,0.23803737,0.33956315,0.19112071,0.28531704,0.28605745,0.33918644,0.29250864,0.21010984,0.21809184,0.28968028,0.22639076,0.20392202,0.26992419,0.26402378,0.15610981,0.29437212,0.29282973,0.21430395,0.218965,0.2929781,0.22108017,0.26595094,0.20687073,0.3376426,0.27276742,0.22656023,0.20429908,0.1337115,0.33075737,0.27688946,0.24401658,0.33401515,0.28188144,0.20594882,0.23249444,0.33440671,0.28554723,0.26805346,0.31979351,0.23267224,0.22461916,0.30040476,0.25654811,0.2105549,0.23372687,0.25235161,0.25280856,0.19847406,0.31890756,0.86110647,0.30120559,0.51786091,0.28701475,0.19791006,0.36192008,0.76824486,0.50027255,0.16924181,0.88728468,0.27896994,0.70379674,0.74367496,0.60569306,0.72482469,0.40088287,0.58056478,0.41131417,0.58218134,0.1530687,0.88378881,0.75024529,0.25844631,0.82370365,0.29917486,0.38510228,0.0014631752,0.85869102,0.71464287,0.29750817,0.46064819,0.26099801,0.86306498,0.9766316,0.50683338,0.89139331,0.39460722,0.65061854,0.60653725,0.66532471,0.19786234,0.65047409,0.85831168,0.34791569,0.72868344,0.61068795,0.99334325,0.75083889,0.53112653,0.70213823
0.66280806,0.14651491,0.76902909,0.030889549,0.49911601,0.17760246,0.64819841,0.73784165,0.72866168,0.042652411,0.84517819,0.84220661,0.031991016,0.20940508,0.28186686,0.49809429,0.61256647,0.016982938,0.62595979,0.98230322,0.53859668,0.36241146,0.55229134,0.48956999,0.86271072,0.05207789,0.62988339,0.80134761,0.3985895,0.1925104,0.85409995,0.78555899,0.13393125,0.049532579,0.73864029,0.20846136,0.62095864,0.27029433,0.86044056,0.93914171,0.86543859,0.083482814,0.57466122,0.17710753,0.16646044,0.10570943,0.98439831,0.93440512,0.66094456,0.85893882,0.2983736,0.33470939,0.2874469,0.35388875,0.35193138,0.41362662,0.37085469,0.33818864,0.23715943,0.39170705,0.32280955,0.28211057,0.43912237,0.3124827,0.28729425,0.3549523,0.28235772,0.38487997,0.28615896,0.307372,0.21774012,0.34870601,0.35773576,0.28328906,0.37782311,0.27359875,0.36584169,0.26586794,0.38190808,0.34770133,0.35323584,0.36981221,0.40387778,0.25328492,0.28049984,0.29182441,0.34667601,0.33515137,0.36300751,0.28750197,0.3321756,0.26574373,0.37459208,0.34360158,0.33508267,0.33678258,0.32427109,0.31495336,0.40231045,0.2730286,0.16983925,0.31462075,0.54631298,0.67519115,0.9668016,0.60102348,0.7750612,0.9046135,0.88788302,0.45889083,0.96091727,0.048874797,0.37018685,0.61915735,0.3463095,0.69171164,0.61727081,0.91977719,0.41692201,0.64288981,0.12135365,0.3610067,0.25652801,0.16534577,0.25291116,0.38322953,0.19627691,0.90843946,0.63518638,0.57089249,0.79153926,0.92454831,0.17062541,0.38299582,0.15891353,0.86376557,0.47650775,0.9860981,0.87572061,0.081252775,0.47222986,0.92711215,0.36440137,0.17148108,0.70132806,0.76349568,0.36111294,0.039749694,0.88396153,0.84622836
0.32881421,0.45605767,0.91213247,0.48522941,0.046351265,0.10481324,0.08852746,0.69253199,0.28797698,0.99538973,0.10022154,0.94300814,0.24248656,0.21260153,0.29734682,0.46483994,0.98841793,0.56186143,0.17566903,0.4684682,0.062045221,0.44172206,0.89494168,0.89719135,0.59721135,0.70725349,0.071452813,0.28784934,0.12788838,0.19665819,0.13208296,0.60786591,0.54954011,0.0132832,0.17811695,0.53377195,0.52610247,0.90513474,0.39652079,0.89047568,0.1181552,0.33584897,0.81820404,0.64071792,0.60346798,0.048447339,0.78017553,0.061590667,0.20894667,0.33758386,0.37061738,0.36692786,0.38725936,0.34621518,0.41047764,0.31664737,0.40676664,0.45562413,0.33634142,0.39408042,0.32592498,0.37790424,0.31125309,0.32655774,0.37388974,0.40036207,0.32517847,0.31955734,0.31329542,0.28765893,0.47921999,0.30840546,0.41474432,0.32587597,0.31604272,0.37913738,0.41888366,0.35394332,0.40671229,0.44786512,0.41887459,0.3434273,0.37704909,0.37902387,0.4419523,0.38778881,0.39086656,0.40406885,0.38431974,0.29773831,0.33405183,0.36191325,0.40104339,0.36914874,0.36597844,0.32594359,0.28867165,0.36964967,0.43661039,0.38343217,0.86751839,0.92653259,0.72026236,0.70022507,0.98294051,0.39580433,0.54728663,0.98806129,0.75177936,0.32997528,0.60154259,0.38066427,0.60045561,0.7096387,0.084904751,0.29149803,0.10449967,0.063738697,0.070763582,0.92477243,0.58542596,0.40433815,0.19913438,0.17543615,0.52861077,0.90918696,0.97393018,0.9138135,0.36193273,0.21275901,0.8836153,0.022859624,0.22218793,0.35408108,0.026315394,0.27447941,0.53299953,0.16527744,0.60219044,0.44940418,0.62316891,0.081623375,0.21447887,0.2487989,0.17136438,0.1518687,0.51367906,0.65877414,0.91413517,0.6342782
0.40238833,0.10975505,0.48448037,0.18443367,0.39600675,0.89292241,0.31342899,0.098594093,0.1343033,0.18746081,0.59794164,0.62249726,0.29157032,0.10484625,0.79783026,0.36643662,0.74003233,0.29406633,0.20567452,0.64194062,0.48760378,0.96442267,0.11228396,0.69475219,0.53087226,0.63176637,0.78442789,0.86693029,0.70322322,0.75809928,0.17043202,0.21756331,0.55573794,0.43248499,0.78936394,0.31581144,0.53120929,0.059403297,0.1682513,0.21203084,0.58318573,0.77193392,0.68502847,0.68409607,0.72292252,0.42310939,0.31747978,0.19624892,0.38827163,0.316429,0.26848077,0.33138664,0.32722789,0.31172148,0.34967321,0.28208792,0.26159043,0.25053492,0.32541329,0.33670829,0.25881943,0.29088166,0.29135832,0.28951506,0.3016608,0.19911204,0.32412167,0.31269697,0.21246582,0.27717924,0.31159709,0.23271809,0.33545595,0.34605684,0.31300037,0.28665392,0.33285088,0.29922808,0.34805257,0.34504927,0.2890348,0.24694709,0.29865378,0.32108096,0.20635266,0.3006506,0.25204198,0.30927818,0.3223509,0.30323029,0.35184498,0.35922934,0.27313205,0.30517842,0.280362,0.37522488,0.26871695,0.21818414,0.19944021,0.43267909,0.54260746,0.80532049,0.071284882,0.16635251,0.65392042,0.14960709,0.29759568,0.80865225,0.4303009,0.56506716,0.049468523,0.057852903,0.66071956,0.65772927,0.2027474,0.72932173,0.18222802,0.95110736,0.65811618,0.63398255,0.58061755,0.75130416,0.77398592,0.1610209,0.90605174,0.94123094,0.33853465,0.16539225,0.80828055,0.84989382,0.22731033,0.62695538,0.30011678,0.6884015,0.21819264,0.0043926126,0.082692932,0.48093341,0.021929823,0.18059137,0.90306875,0.99704144,0.9549589,0.015908339,0.57225475,0.90946481,0.38394386,0.69143656,0.077342785,0.18901056
0.38724543,0.16356991,0.12487276,0.81453977,0.54088408,0.39076208,0.44396416,0.75194639,0.25761374,0.89438938,0.83242339,0.8667499,0.74368834,0.76389794,0.70270231,0.68553571,0.15436981,0.65369013,0.35960632,0.42935579,0.15359038,0.68156043,0.75932738,0.21216321,0.93573087,0.5773942,0.74064806,0.87111112,0.8161401,0.098518738,0.35507365,0.64206083,0.31742786,0.46326058,0.59749019,0.54644944,0.92109726,0.32583363,0.064187087,0.78907351,0.62067195,0.42264565,0.5306293,0.60499064,0.16351237,0.65369989,0.67120219,0.76732951,0.5583192,0.71521251,0.3647011,0.37562111,0.36023629,0.45284698,0.30510365,0.45697291,0.36293806,0.38686471,0.39916144,0.49756025,0.44071882,0.43177776,0.33684742,0.37581906,0.44640583,0.4021928,0.42998753,0.47389671,0.35886794,0.40532546,0.47957409,0.40922685,0.50322663,0.4629558,0.39320539,0.37049673,0.42689118,0.33843526,0.3586132,0.38627325,0.39725781,0.38914913,0.4114194,0.38258896,0.43835166,0.45121365,0.41692228,0.43964324,0.4363561,0.43764105,0.37258515,0.31365519,0.36108994,0.4344069,0.46442973,0.31011676,0.38789813,0.45419953,0.37062251,0.41254487,0.64199931,0.13866188,0.82462834,0.93322911,0.74618224,0.97159188,0.15009672,0.49044222,0.84535056,0.13135369,0.0082956574,0.92256305,0.58089171,0.11748938,0.36092802,0.44290407,0.039267746,0.21302177,0.16781169,0.5402228,0.21664738,0.3973571,0.87887288,0.50902226,0.55706683,0.54025791,0.11040805,0.080280952,0.39811765,0.9971369,0.92355606,0.087821844,0.83270757,0.77265557,0.17411787,0.91954221,0.64092912,0.86788314,0.85337101,0.79798596,0.94433128,0.22765307,0.6442054,0.067947302,0.83401166,0.78577629,0.38256946,0.82890555,0.71980155,0.72424703
0.042659856,0.98914491,0.6273465,0.97125882,0.88535945,0.71957013,0.12565459,0.41159351,0.52784683,0.93939836,0.9245809,0.72610443,0.45163877,0.5300517,0.68383861,0.17685506,0.18410029,0.74584748,0.045051107,0.3838686,0.78373648,0.80444958,0.27506976,0.02999195,0.38330632,0.29550725,0.24862896,0.73422969,0.99615611,0.53566419,0.69378761,0.51181992,0.3545343,0.98610424,0.2237704,0.61644349,0.66238186,0.10694166,0.75052006,0.34644876,0.42111225,0.18061689,0.26532204,0.77095422,0.33669926,0.98830226,0.55179251,0.58353317,0.72317348,0.58357062,0.29849945,0.88623511,0.85737406,0.85948011,0.25610978,0.86159576,0.64479403,0.72499196,0.71173509,0.97285224,0.46910052,0.87986644,0.34047831,0.083497562,0.031459936,0.98056283,0.60139876,0.48965535,0.29896416,0.83540455,0.92616908,0.32147307,0.54588621,0.88839093,0.83571335,0.58757126,0.50779896,0.46791047,0.42408482,0.62790418,0.89640978,0.24417289,0.23316769,0.87763414,0.97208916,0.28319863,0.79918504,0.48743065,0.74618494,0.049857501,0.87281299,0.46651201,0.81492027,0.65345682,0.48223041,0.74848991,0.095376786,0.23109536,0.22946877,0.64802712,0.87237461,0.8899725,0.9334562,0.86555931,0.83884241,0.91917961,0.96328116,0.89162375,0.9444744,0.88543304,0.92848153,0.91410424,0.9096621,0.89244121,0.90389327,0.94331054,1.0049683,0.92818282,0.8297781,0.92793124,0.87204493,0.81529347,0.98764789,0.86516171,0.89818062,1.0030672,0.87405153,0.93193336,0.95389775,0.8246272,0.89879474,0.99271141,0.90972214,0.91931073,0.84618943,0.85460058,0.75701166,0.91412574,0.89576234,0.84238107,0.92846741,0.86343413,0.84396108,0.94177633,0.91206945,0.90837753,0.97301383,0.86857657,0.94775721,0.86082968
0.042297798,0.71357401,0.31194006,0.85618229,0.83315199,0.45134058,0.58820939,0.28150156,0.66265383,0.34328789,0.93447827,0.80675954,0.99756035,0.054616615,0.12477404,0.17712375,0.22427707,0.51015252,0.89589157,0.77249507,0.73058536,0.48565167,0.50128291,0.13754659,0.62892394,0.03192263,0.43172117,0.62371641,0.240905,0.39000491,0.48959434,0.047554673,0.71504501,0.89444776,0.10788891,0.33042361,0.73907223,0.54930853,0.71112855,0.2815077,0.72951305,0.19324533,0.76692167,0.96353029,0.83780318,0.97273389,0.59060865,0.62457292,0.09908965,0.66043797,0.85959345,0.029667752,0.64634607,0.89915643,0.20371543,0.66632649,0.55967793,0.94800236,0.44306609,0.54500489,0.2788389,0.84630364,0.8999355,0.63824371,0.91188981,0.26901061,0.10963261,0.13261473,0.83334865,0.014853856,0.098337302,0.65803031,0.54299169,0.69764957,0.15669385,0.78620063,0.12019951,0.092068707,0.88656379,0.034833821,0.94478399,0.77220673,0.20367644,0.72308996,0.47657468,0.60875871,0.28023009,0.33975716,0.42100578,0.47156788,0.43329527,0.4911458,0.9758448,0.25374921,0.71447164,0.82780393,0.40806349,0.77533431,0.28734961,0.92543689,0.72598037,0.76887022,0.68599679,0.73419312,0.7627118,0.76611613,0.65730996,0.71490476,0.78557702,0.64978438,0.71779169,0.76172991,0.71663941,0.77294404,0.76167182,0.70306549,0.70670092,0.73472435,0.74461531,0.76401949,0.69903595,0.68329914,0.72246663,0.74169213,0.8108158,0.61681126,0.79062363,0.64976129,0.71735306,0.75047692,0.75628584,0.85469312,0.69755625,0.75683373,0.74902222,0.70025584,0.75792889,0.76851625,0.73494063,0.73251885,0.71619577,0.71054486,0.71553296,0.67141661,0.82274438,0.77663247,0.74589521,0.76678861,0.64838959,0.8364384
0.41704745,0.28594686,0.93004063,0.84908548,0.56071341,0.37231266,0.20677646,0.94373154,0.88401674,0.98477624,0.23123782,0.072051551,0.19547676,0.05479179,0.8389696,0.083873508,0.58643961,0.73596616,0.15223401,0.09427839,0.43326056,0.72175327,0.30366138,0.58243296,0.5449059,0.89611135,0.046191556,0.81115089,0.93713467,0.070684335,0.66693153,0.64630196,0.82953282,0.87779907,0.40349114,0.36245928,0.28662039,0.47557293,0.72838682,0.37253424,0.6671203,0.33166524,0.65134953,0.75674921,0.98090364,0.30081902,0.025857471,0.5767583,0.34800766,0.44653098,0.89977602,0.34857498,0.30798603,0.076979085,0.74370614,0.93470924,0.0043350726,0.068370897,0.81788683,0.40295158,0.40121986,0.45652513,0.47421516,0.86480258,0.53104884,0.33591117,0.24042355,0.58410285,0.65136834,0.71510703,0.85635077,0.38928168,0.49783831,0.4794044,0.50481062,0.72220964,0.4693935,0.77836066,0.5444177,0.13228533,0.8280956,0.12338138,0.8985475,0.33899915,0.65242084,0.21516961,0.83925362,0.86467255,0.89423571,0.48799936,0.70890898,0.27878453,0.076592835,0.76034335,0.50743538,0.51004034,0.66824932,0.53483171,0.41996037,0.66235174,0.88278743,0.85795715,0.81520856,0.90508401,0.91716824,0.87761089,0.88918339,0.81059507,0.90235965,0.90231005,0.87483266,0.85206921,0.8815668,0.8185516,0.87968102,0.89380939,0.96922671,0.86066181,0.96113011,1.0166432,0.86421652,0.94660792,0.92235647,0.9080169,0.9004661,0.88540274,0.87124752,0.91196451,0.9127739,0.79266773,0.83675566,0.98610945,0.94222937,0.93018153,0.93039803,0.88625955,0.89701193,0.88395708,0.949931,0.92056177,0.89169373,0.92210634,0.94548123,0.9334875,0.9048949,0.99659707,0.90703964,0.97662634,0.87847254,0.89848926
0.42791092,0.11703682,0.27528695,0.39453468,0.56192015,0.064633591,0.25858225,0.99685021,0.57083843,0.32485544,0.89971348,0.59336186,0.4564246,0.60962969,0.34271322,0.55828492,0.38888378,0.82657889,0.28495022,0.40731842,0.37569214,0.88440505,0.57473716,0.018612775,0.49790294,0.85932041,0.32604217,0.88283761,0.43618496,0.67477647,0.61280959,0.071037084,0.82662951,0.72085567,0.45039358,0.83187134,0.14651486,0.40007975,0.51545845,0.61347488,0.86414753,0.88248631,0.14887672,0.45389347,0.095372693,0.011680991,0.4300018,0.33068207,0.67322599,0.49180625,0.77530485,0.66683858,0.63195471,0.10936121,0.90533061,0.42604088,0.51187443,0.60855948,0.21321478,0.35038037,0.72072343,0.030914539,0.90515834,0.98753874,0.98172877,0.82908074,0.81134662,0.43789426,0.1458057,0.84968202,0.38958701,0.083986296,0.35812453,0.99258982,0.28344419,0.43146205,0.99979256,0.92268522,0.30195347,0.99761618,0.55196185,0.55530762,0.4558437,0.33784457,0.57141307,0.73882324,0.53125396,0.30897108,0.37406019,0.68245766,0.19324948,0.47388687,0.95212531,0.14166298,0.21328489,0.4784975,0.49388184,0.052223528,0.95083756,0.6289731,0.83858523,0.79010105,0.8253941,0.8575393,0.91228798,0.84933261,0.86855021,0.88717155,0.8446581,0.87686559,0.92463349,0.86982985,0.87302103,0.90558094,0.82469813,0.78344821,0.83876572,0.85696312,0.83888688,0.88861129,0.80445412,0.86173178,0.81242096,0.89032186,0.71640807,0.77639533,0.85802214,1.0097136,0.82459215,0.84518023,0.75489535,0.73363814,0.92580458,0.81808379,0.91072362,0.92526587,0.90646169,0.81972587,0.86175764,0.79149768,0.87962441,0.84019588,0.91157199,0.91610831,0.82013609,0.88437536,0.85746733,0.85372027,0.88610932,0.79676742
0.42485841,0.019621067,0.10933424,0.40677676,0.9080522,0.23929061,0.40362866,0.94191893,0.44063468,0.83222148,0.73138707,0.36044889,0.2179938,0.078069053,0.52012942,0.69480329,0.72016461,0.050339987,0.43027785,0.70557186,0.86386822,0.12218915,0.66904259,0.59958555,0.83418906,0.93855786,0.50021132,0.15649522,0.57892349,0.055976157,0.26013019,0.68006553,0.86688705,0.67116623,0.36003104,0.91682127,0.51697901,0.84870923,0.45194571,0.11261514,0.69538995,0.73427111,0.83627042,0.29755538,0.66159619,0.7628871,0.5326235,0.83969742,0.69375257,0.55388707,0.78310188,0.80117236,0.39800519,0.46621928,0.46582007,0.24891961,0.97725565,0.56426883,0.25285375,0.022413654,0.81763486,0.50995304,0.2603181,0.62700532,0.74766158,0.74668463,0.098630237,0.49679942,0.89347431,0.42040043,0.93161614,0.71818091,0.31906782,0.71264679,0.81131742,0.38919282,0.24877066,0.922358,0.64019425,0.79458942,0.38391351,0.3147835,0.37814844,0.74000758,0.064640759,0.12050817,0.63730629,0.38014299,0.084997065,0.37960529,0.76724359,0.52702495,0.091558143,0.98159621,0.2602056,0.053831549,0.61490357,0.46112108,0.81283253,0.37048579,0.87124615,0.89002644,1.0009581,0.88819411,0.88823657,0.89801257,0.89265246,0.99195872,1.0379862,0.87716211,0.9250862,0.98901586,0.91169357,0.99578627,0.94713152,0.80948035,0.92077943,0.95038566,0.96566957,1.0067016,0.89821174,0.88032987,0.89302749,0.87508155,0.93020949,1.005314,0.96118108,0.91397837,0.93445255,0.88098421,0.96332381,0.99668299,0.99351296,0.92304142,0.88788151,0.9549097,0.91994629,0.88461566,0.90644683,0.89542358,0.92326316,0.85246717,0.97240874,0.89962203,0.96473809,0.94733759,0.9981402,0.97203631,0.89098344,1.0045769
