1.0,1.0,1.0,1.0,1.0,1.0,1.0,1.0,1.0,1.0,2.0,2.0,2.0,2.0,2.0,2.0,2.0,2.0,2.0,2.0,3.0,3.0,3.0,3.0,3.0,3.0,3.0,3.0,3.0,3.0
0.037764633,0.00042488186,0.01985576,-0.0058045195,0.031380433,0.026949368,0.045371132,0.017550862,0.033160167,0.030324531,0.015835383,0.0092460598,0.0063211029,0.026140429,0.050929781,0.045355865,-0.0031766177,0.041747222,0.019342403,0.035078898,0.0049449236,0.026201275,0.036091001,0.010947186,0.014447819,0.04261857,-0.0025523436,0.031711403,0.028109501,-0.0054410702
0.00025311236,0.020981824,0.0036765858,0.0026662398,0.057092485,0.046553283,0.030580846,0.011831685,0.025321942,0.039731895,0.049927287,0.0038248369,0.009380604,0.02758487,0.045448479,0.033895091,0.026413125,0.026262035,0.0013597271,0.033360117,0.02994336,0.0074400172,0.010280046,0.020629861,0.027540179,0.031258893,0.016023735,0.0042359017,0.018598951,0.0093167272
0.003977076,0.0025258326,0.035077439,0.021715744,0.047269203,0.01249595,0.0038422667,0.0054698555,0.0018940854,0.033508796,0.055518236,0.0030801309,0.040011962,-0.0048598378,0.042061972,0.0075623957,0.00084410788,0.0024890674,0.030132586,0.013875105,0.012894783,0.017934264,0.017810191,0.019042316,0.029135143,0.04555597,0.01021792,0.0061757664,0.014224629,-0.0041016392
0.020764058,0.020117526,0.011545324,0.016958353,0.04387237,0.042750198,0.035998476,-0.00038758785,0.042447325,0.043342198,0.030350692,0.035120202,0.043594005,0.00042644986,0.015302444,0.012666538,0.026976559,0.023925895,0.020401388,0.0011023991,0.041945601,0.019776706,0.04945579,0.013412584,0.0087388145,0.014093688,0.011334901,0.00024128143,0.0011051482,-0.0017020386
0.02173118,0.037073942,0.127,0.027036981,0.026901778,0.02778757,0.031280292,0.022074262,0.05097055,-0.0026233598,0.00021551933,0.045852617,0.015431774,0.032552571,0.027585919,0.011946414,0.045114373,0.039603507,0.0058576657,0.0054606886,0.0033936837,0.023636382,0.0085564052,0.016904595,0.050766523,0.014428672,0.014867486,0.041134742,0.049008011,0.0022397973
0.114,0.034782011,0.462,0.0035956714,0.037878251,0.038858944,0.0083493975,0.035427386,0.016640997,-0.00094909182,0.0092931114,0.027905635,-0.0027706125,0.010513417,0.016919488,0.02149235,0.019425953,0.039008461,0.0034466702,0.036097982,0.018608173,0.029624069,0.0018765892,0.025518376,0.050862295,0.0074336948,0.016541877,0.021516495,0.020561889,0.044253782
0.414,0.083,0.797,0.012597419,0.032261379,0.019383026,0.0057627669,0.043687163,0.127,0.022269912,0.033688337,0.033114349,0.010750054,0.018119649,0.0042992544,-0.0011011462,0.0093705343,0.021147631,0.018424612,0.0090843734,0.0069281203,0.0042278041,0.0019697484,0.019194713,0.03073532,0.038487769,-0.0061968027,0.028519972,0.014803367,0.040059464
0.718,0.317,0.985,0.09,0.011464701,0.018273748,0.014480901,0.035410163,0.449,0.0083444508,0.00053165894,0.023580985,0.0017837937,0.012973163,0.018390229,0.027855269,-0.0066740147,0.018765444,0.028864748,0.0034075843,0.026429028,0.016356067,0.025738257,0.014070857,0.022472533,0.020090549,-0.0099739221,0.027069388,0.0064263528,0.010363615
0.889,0.55,1.074,0.338,0.024362029,0.12,0.023051747,0.113,0.766,0.134,0.012568005,-0.0039279337,0.018642054,0.038260744,0.014664028,0.0449666,-0.0031852764,0.026405114,-0.0026423318,0.023814792,0.0098296574,0.031249629,0.02602701,0.036295036,0.049534569,0.041906797,0.014222249,0.045219995,0.024688001,-0.0037673911
0.969,0.68,0.983,0.581,0.039082336,0.434,0.040494162,0.417,0.943,0.478,0.029296703,0.0037813285,0.037854106,0.0069169548,0.03338469,0.012638639,0.045097991,0.020522961,0.030676183,-0.00041049373,0.014564704,0.014326693,0.031523203,0.045496518,0.0081791867,0.049253678,0.0036543537,0.0091884724,-0.0038076569,0.021475593
1.002,0.653,0.659,0.712,0.106,0.747,0.107,0.72,1.026,0.819,-0.0063830182,0.010291866,0.011616715,0.045694769,0.01187446,0.051748658,0.038296659,0.023448213,0.004873346,0.048618738,0.0082388782,0.050037413,0.039431096,0.033467979,0.027928749,0.039153328,-0.0001156648,0.040813407,0.0014857708,0.0072855264
1.014,0.444,0.329,0.772,0.384,0.923,0.393,0.888,1.065,1.009,0.031780806,0.040296725,0.03102478,0.041036786,0.030428913,0.020021031,0.020072478,0.0018729446,0.055184789,0.020067354,0.0052330013,0.016796591,0.023365382,-0.0020851159,0.025670749,0.025029775,0.051740809,0.014802545,0.040002397,0.043569289
1.017,0.22,0.15,0.802,0.662,1.007,0.681,0.97,1.084,1.099,-0.0008577372,0.027399339,0.035605757,0.02314615,0.042836558,0.017505976,0.014489638,0.003766064,0.012139491,0.031110031,0.022393885,0.041579266,0.045372845,0.024386855,0.021670764,0.016637942,0.039293029,0.037409114,0.042022779,0.031162232
0.905,0.093,0.069,0.818,0.813,1.038,0.847,0.895,1.093,1.006,0.043796585,0.047234996,0.045523205,0.014129796,0.0090006893,0.039480836,0.011296621,0.030746577,0.051514505,0.037737895,0.0092218567,0.030106436,0.015704743,-0.0035846544,0.055413435,0.027680235,0.013799577,0.010219435,0.014101031,0.044282344
0.605,0.070778662,0.049530494,0.732,0.881,1.046,0.928,0.607,1.096,0.673,0.025517052,0.040447357,0.047336598,0.012733357,0.034550805,0.042810668,0.0010331096,0.04354786,0.034791637,0.036304316,0.020235977,-0.002120492,0.034638336,-0.00336696,0.048508244,0.021378401,0.016387461,0.042529618,0.0022387994,0.013349636
0.304,0.065886666,0.040724344,0.489,0.911,1.052,0.852,0.308,1.097,0.336,0.0062269126,0.022696252,0.03370288,0.034827935,0.040608598,0.021794019,-0.00031740756,0.034775415,0.021863491,0.030345573,0.024075295,0.0060694241,0.051585134,0.016450423,0.030283924,0.044496467,0.038145002,0.014386931,0.01570574,0.0088449038
0.138,0.028743847,0.037918748,0.248,0.926,0.939,0.572,0.138,1.095,0.152,0.02270449,0.037090014,-0.0058336365,0.035155981,0.032637824,0.025758334,-0.010925693,0.046251109,0.033619287,0.03176058,0.005400971,0.036646077,0.033379762,0.0041495537,0.013661207,0.0077024326,-0.00125554,0.019577008,0.026871097,0.030467326
0.061,0.020472984,0.0076597084,0.115,0.827,0.623,0.283,0.053,0.972,0.065,0.030665091,0.027206899,0.038836583,0.036800989,0.038518541,0.010550182,0.019235444,0.040955577,0.046502535,0.012185526,0.047277288,0.012087762,0.035835357,0.013326846,0.032201447,0.007546547,0.010742183,0.0058852348,0.020365144,0.014669072
0.053973303,0.0051046344,0.033325635,0.071416383,0.55,0.304,0.121,0.063776508,0.648,0.042880341,0.014410936,0.022124252,0.042581287,0.0095064262,-0.00022627174,0.013389753,0.0017385583,0.018543766,0.0054113194,0.026395191,0.021327368,0.020995898,0.025221321,0.013283351,-0.0039995582,0.037797261,0.0060132057,0.024695659,0.018186949,-0.0075932538
0.0146603,0.034979318,0.038108341,0.034870151,0.273,0.13,0.056899227,0.029404111,0.323,0.0097013575,0.042788673,0.019748278,0.022206702,0.008901179,0.00050897311,0.032726404,0.02121672,0.016918974,0.012932311,0.029255554,0.016719464,0.029082643,0.0025960131,0.039100218,0.015377274,0.044982386,0.02678699,0.0012843404,-0.0021516275,0.0040225982
0.035561278,0.0087252853,0.002355183,0.026085352,0.123,0.051,0.063461357,0.041666115,0.143,0.046380528,0.02945584,0.0032291863,0.045261898,0.043256131,0.032858454,0.018535751,0.037724618,0.025676501,0.051701524,0.057883552,0.0036881841,0.026469539,0.032723998,0.044763628,0.014660298,0.038135095,0.03806508,0.033307322,0.025519177,0.0030351182
0.045494101,0.0020647431,0.035275945,0.034529395,0.053,0.061336012,0.0090627711,0.030262446,0.059,0.036765978,0.0056173566,0.03941481,0.017802364,0.028702356,0.01438716,0.01435175,0.0077218237,0.020744765,0.021366679,0.052825984,0.047899706,0.037874627,0.027021472,0.038284747,0.025217319,0.0044120631,0.011539643,0.013824044,0.023028162,0.017401829
0.030238212,0.045125762,0.0058735434,0.0056796758,0.023166822,0.036400214,0.0054068929,0.009283793,0.064424084,0.0042448311,0.0084103931,0.023650489,0.047876332,0.017794722,0.020357843,-0.0033685065,0.050193196,0.01273871,0.012586587,0.012122295,0.014932746,0.018778864,0.045325071,0.021448972,0.037607036,0.01872038,0.045351993,0.017180649,0.015710866,0.018235115
0.043190555,0.042510308,0.0045126698,0.0023368371,0.051129921,0.0053524512,0.0045721704,0.053700634,0.032633864,0.03922063,0.032575666,0.046617744,0.034463047,0.037090999,0.050648489,0.046491682,0.029442025,0.048883031,0.003733804,0.016611185,0.004323772,0.0030820372,0.033072123,0.023758793,0.00088943434,0.023051476,0.0276333,0.016903515,0.046171279,0.053169181
0.021148818,0.022553845,0.030157389,0.033759972,0.012812398,-0.0003654563,0.031737209,0.020579716,0.022287853,0.021513659,0.021998417,0.033249905,0.013794285,0.030985882,0.0094898601,0.010535255,0.0073489704,0.010178469,0.013299433,0.0068375518,-0.0002417496,0.037007251,0.052918019,0.045336305,-0.0031281622,0.0011132956,0.020240436,0.035496657,0.0030233674,0.015270129
0.039419722,-0.004739334,0.0055041688,0.042656968,0.043928166,0.02379367,0.037548337,0.038027681,0.034008829,0.022703826,0.0015581619,0.05630736,0.0053772861,0.050838516,0.024724659,0.026615573,0.036525692,0.0087539087,0.0045729368,-0.0015872915,0.017263246,0.015051444,0.001964553,0.024071683,0.023016301,0.027420922,0.026164399,0.01617411,0.031492806,0.0043051301
0.017780126,0.025469858,0.050489093,0.030741909,0.0011329913,0.0076737811,-0.004554332,0.0095114322,0.022632253,0.019594503,0.0099273035,0.035637524,0.025935778,0.0015217485,0.018587941,0.053518816,0.009738632,0.020608857,0.012158425,0.045303028,-0.0030752455,0.024306171,0.019497238,0.045541481,0.007266114,0.0050180142,0.019787744,0.0024758678,0.024815429,0.04889597
0.04535716,0.022233722,0.013767635,0.017588912,0.014959758,0.016405524,0.012857951,0.029177969,0.0038389809,-0.0014201994,-0.003678334,0.0081070627,0.03061907,0.025020958,0.018978084,0.052620378,0.0081987351,0.026569593,0.050328907,0.0039359812,0.026616687,0.039313877,0.0051870754,0.026780451,0.044171412,0.041706283,0.028115768,0.036888763,0.015345725,0.016096463
0.04564139,-0.0019671411,0.029867548,0.020270081,0.014848886,0.038575976,0.02190675,0.029368168,0.014296892,0.030930502,-0.0013156331,0.032281318,-0.00089798613,0.0095621043,0.011279291,0.030902199,0.017267415,0.038964386,0.046480799,0.021599819,0.034736316,0.015680932,0.014906308,0.037878848,0.035055495,0.026646256,0.049132251,0.0085219536,0.024469785,0.040366829
0.018776462,0.017403772,0.050910705,0.020691258,-0.00046490667,0.049260352,0.005657396,0.01466266,0.0443207,0.02166448,0.043131292,0.043956182,0.040059705,0.035376064,0.0083648629,0.041331208,0.016545283,0.0020765946,0.030860679,0.05194734,0.022916208,0.04731383,0.033567465,0.029508272,0.0038973889,0.0089564059,0.036696408,0.041304329,0.0094005949,0.037118965
0.012347944,0.035050456,0.030182345,0.026208682,0.032822877,0.042274895,0.021927542,0.041303955,0.027438815,0.020814568,0.047943526,0.032998085,0.039511884,0.030517234,0.025173086,0.04032337,0.0073540082,0.026232962,0.0014918689,0.025943224,0.0065704074,0.042022076,0.010283492,0.035642142,0.046161767,0.024823451,0.032493213,0.018964693,0.0073489109,0.030898952
0.02442172,0.014614602,0.018395716,0.051659667,0.0060854611,0.047206775,0.014008635,0.038686354,0.042483147,0.0028390335,0.016587738,-0.0035864854,0.031878948,0.010076236,0.026962621,0.028346711,0.012407053,0.010357591,0.020375189,0.033365782,0.014326743,0.014683257,0.0072053643,0.045959084,0.020614204,-0.0028547847,0.0088852392,0.016853673,-0.0039154823,0.0027597646
0.018924466,-0.0014336194,0.00774318,0.0083407721,0.010134292,0.0035038926,0.03565497,0.0047654326,0.0069732479,0.017537609,0.0054854477,0.023955926,0.049487034,0.0017130109,0.0070978501,0.00013808094,0.083,0.01102224,0.020000958,0.0098969597,0.047873209,0.022101309,0.046230268,0.017335855,0.040547147,0.007442618,0.031627013,0.020592384,0.0010159896,0.018571351
0.0069161007,0.044546991,0.018450358,0.040010656,0.038944192,0.012542408,0.041648617,0.0012010644,0.040973862,-0.0026694647,0.028227557,0.09,0.035345959,0.0051117271,0.041663827,0.033680075,0.328,0.026302193,0.047100029,0.029398194,0.047016579,0.029307472,0.030141246,0.045939736,0.017247532,0.021267807,0.037601179,0.034318192,0.036446894,0.015673743
0.042104272,-0.105,0.0049792595,0.023314637,0.03739454,0.048689615,0.017750049,0.039079695,0.021267873,4.1907501e-06,0.031228852,0.338,0.030489109,0.04185387,0.011638408,0.011050647,0.573,0.032369582,0.00971321,0.039015702,0.0030938552,0.00441532,0.12,0.050282856,0.037342626,0.043875939,0.050353951,0.03329963,0.042556334,0.0060859786
0.00051942129,-0.39,0.0053999084,0.016166998,0.010911441,0.018116364,0.041482893,0.020362709,0.052643301,0.0052820788,0.037155165,0.586,0.044630082,0.0095667357,0.018554374,0.048764661,0.709,0.0439846,0.01053832,0.0062718828,0.042799956,0.029867671,0.445,0.013416368,0.0357519,0.030318526,0.035978842,0.029293463,0.017831458,0.017912097
-0.114,-0.675,0.045926886,0.018181915,0.044068712,0.053992364,0.048182063,-0.114,0.020348798,0.0013202266,0.006852677,0.726,0.027478689,0.03112965,0.035525184,0.014392431,0.773,0.032001582,0.025207425,0.0011949211,0.02041915,0.034600547,0.769,0.046870737,0.04016001,0.0022658313,0.0067504437,-0.123,0.030338308,0.017643796
-0.399,-0.831,0.021287496,0.036194158,0.016349226,0.020579384,0.006362657,-0.412,0.040908293,0.0084316494,0.02476764,0.794,0.045621436,0.048255343,0.013664948,0.028936357,0.802,0.013770521,0.026897372,0.017400024,0.031536451,-0.158,0.947,0.024776881,0.134,0.0085770312,0.0093034888,-0.464,0.027384932,0.010488454
-0.682,-0.904,-0.109,0.047741957,0.029910566,0.011413614,0.047938605,-0.713,0.037866841,0.0094904356,0.019005472,0.825,0.084,0.134,0.026577773,0.03540492,0.815,0.032339293,0.048651253,0.085,0.014653879,-0.563,1.027,-0.118,0.493,0.01801597,0.023833113,-0.81,0.027663841,-0.097
-0.836,-0.937,-0.398,0.043097735,0.043761823,0.011500252,0.021948214,-0.881,0.125,0.107,0.082,0.836,0.311,0.487,0.046870838,0.157,0.818,0.0099025671,0.107,0.323,0.043255883,-0.972,1.06,-0.431,0.847,0.111,-0.131,-1.001,0.023765232,-0.357
-0.906,-0.949,-0.683,0.029863972,0.032454576,-0.107,-0.107,-0.958,0.434,0.375,0.308,0.837,0.539,0.841,0.117,0.561,0.816,0.117,0.396,0.559,0.0048959006,-1.203,1.072,-0.747,1.043,0.407,-0.471,-1.086,0.048000457,-0.617
-0.933,-0.953,-0.84,0.112,0.024217738,-0.396,-0.403,-0.989,0.748,0.642,0.533,0.837,0.665,1.037,0.418,0.964,0.815,0.423,0.689,0.691,0.013925752,-1.312,1.078,-0.927,1.138,0.702,-0.812,-1.122,0.0096510404,-0.759
-0.943,-0.956,-0.912,0.415,0.028043532,-0.685,-0.699,-1.003,0.925,0.785,0.654,0.84,0.725,1.13,0.719,1.185,0.819,0.731,0.854,0.756,-0.128,-1.362,1.081,-1.014,1.184,0.865,-1.0,-1.138,0.025176977,-0.826
-0.944,-0.957,-0.941,0.723,-0.108,-0.847,-0.864,-1.008,1.005,0.855,0.708,0.843,0.75,1.172,0.887,1.287,0.824,0.902,0.93,0.783,-0.477,-1.388,1.082,-1.051,1.203,0.941,-1.083,-1.145,-0.059,-0.862
-0.944,-0.957,-0.954,0.894,-0.388,-0.925,-0.944,-1.008,1.037,0.887,0.731,0.843,0.76,1.193,0.969,1.332,0.827,0.979,0.964,0.792,-0.825,-1.396,1.08,-1.059,1.211,0.977,-1.119,-1.149,-0.218,-0.88
-0.948,-0.961,-0.96,0.969,-0.668,-0.958,-0.978,-1.007,1.05,0.897,0.741,0.844,0.765,1.205,1.009,1.35,0.824,1.013,0.979,0.797,-1.018,-1.396,1.077,-1.058,1.215,0.992,-1.137,-1.152,-0.375,-0.884
-0.949,-0.964,-0.963,0.999,-0.825,-0.971,-0.991,-1.01,1.056,0.9,0.745,0.846,0.766,1.213,1.027,1.358,0.821,1.027,0.982,0.802,-1.106,-1.394,1.075,-1.061,1.213,0.996,-1.145,-1.152,-0.458,-0.883
-0.946,-0.963,-0.965,1.013,-0.898,-0.979,-0.999,-1.014,1.058,0.903,0.747,0.846,0.765,1.214,1.036,1.362,0.823,1.03,0.983,0.807,-1.142,-1.392,1.079,-1.064,1.211,0.992,-1.144,-1.153,-0.495,-0.884
-0.948,-0.958,-0.966,1.021,-0.928,-0.985,-1.001,-1.014,1.061,0.906,0.75,0.844,0.764,1.211,1.039,1.361,0.823,1.032,0.984,0.81,-1.156,-1.39,1.087,-1.065,1.211,0.983,-1.144,-1.154,-0.511,-0.887
-0.951,-0.952,-0.97,1.025,-0.94,-0.984,-1.001,-1.012,1.063,0.906,0.75,0.844,0.763,1.208,1.04,1.361,0.82,1.036,0.983,0.809,-1.16,-1.39,1.093,-1.065,1.211,0.977,-1.145,-1.156,-0.518,-0.889
-0.952,-0.95,-0.974,1.025,-0.944,-0.979,-1.001,-1.013,1.06,0.906,0.749,0.844,0.767,1.204,1.039,1.365,0.817,1.035,0.977,0.809,-1.162,-1.389,1.091,-1.067,1.211,0.977,-1.146,-1.155,-0.52,-0.886
-0.952,-0.95,-0.971,1.023,-0.946,-0.978,-1.0,-1.014,1.054,0.906,0.751,0.846,0.77,1.201,1.038,1.369,0.818,1.035,0.972,0.81,-1.166,-1.381,1.086,-1.07,1.211,0.983,-1.147,-1.153,-0.521,-0.88
-0.953,-0.95,-0.965,1.022,-0.949,-0.983,-0.997,-1.013,1.055,0.906,0.756,0.85,0.767,1.2,1.036,1.369,0.816,1.036,0.97,0.809,-1.171,-1.375,1.08,-1.069,1.212,0.989,-1.145,-1.152,-0.525,-0.879
-0.952,-0.953,-0.967,1.019,-0.95,-0.986,-1.0,-1.011,1.061,0.907,0.759,0.848,0.765,1.2,1.032,1.364,0.812,1.037,0.973,0.809,-1.172,-1.379,1.076,-1.063,1.214,0.992,-1.142,-1.155,-0.528,-0.88
-0.952,-0.956,-0.972,1.017,-0.945,-0.988,-1.003,-1.011,1.067,0.909,0.76,0.845,0.766,1.202,1.027,1.361,0.809,1.04,0.977,0.808,-1.171,-1.382,1.078,-1.061,1.213,0.994,-1.141,-1.155,-0.526,-0.881
-0.952,-0.956,-0.971,1.019,-0.94,-0.99,-1.004,-1.01,1.073,0.908,0.76,0.846,0.766,1.205,1.026,1.363,0.81,1.043,0.98,0.806,-1.172,-1.384,1.081,-1.062,1.211,0.994,-1.142,-1.151,-0.525,-0.883
-0.95,-0.957,-0.968,1.019,-0.937,-0.989,-1.008,-1.005,1.075,0.91,0.759,0.846,0.768,1.208,1.025,1.365,0.816,1.043,0.987,0.804,-1.172,-1.387,1.081,-1.066,1.212,0.989,-1.14,-1.147,-0.528,-0.884
-0.949,-0.956,-0.968,1.018,-0.938,-0.985,-1.009,-1.001,1.072,0.914,0.757,0.841,0.77,1.207,1.022,1.365,0.818,1.04,0.993,0.804,-1.17,-1.386,1.08,-1.07,1.214,0.986,-1.138,-1.148,-0.528,-0.884
-0.952,-0.952,-0.971,1.015,-0.941,-0.984,-1.007,-0.999,1.068,0.916,0.757,0.837,0.772,1.205,1.022,1.363,0.818,1.039,0.99,0.807,-1.168,-1.384,1.082,-1.072,1.212,0.987,-1.139,-1.151,-0.526,-0.88
-0.956,-0.951,-0.972,1.014,-0.942,-0.985,-1.003,-1.004,1.069,0.915,0.761,0.838,0.772,1.203,1.027,1.359,0.818,1.041,0.987,0.813,-1.169,-1.384,1.084,-1.072,1.214,0.986,-1.141,-1.151,-0.525,-0.875
-0.96,-0.952,-0.971,1.016,-0.942,-0.986,-1.0,-1.007,1.072,0.911,0.766,0.839,0.77,1.199,1.03,1.357,0.818,1.04,0.988,0.814,-1.171,-1.389,1.082,-1.069,1.217,0.983,-1.145,-1.153,-0.525,-0.873
-0.961,-0.952,-0.969,1.018,-0.944,-0.987,-1.0,-1.009,1.072,0.909,0.765,0.838,0.767,1.197,1.03,1.357,0.817,1.036,0.991,0.812,-1.177,-1.394,1.078,-1.065,1.216,0.984,-1.148,-1.155,-0.525,-0.872
-0.959,-0.948,-0.966,1.021,-0.944,-0.986,-1.001,-1.012,1.068,0.907,0.762,0.837,0.765,1.2,1.029,1.356,0.815,1.035,0.991,0.808,-1.18,-1.393,1.078,-1.065,1.207,0.987,-1.145,-1.156,-0.524,-0.875
-0.958,-0.946,-0.968,1.02,-0.941,-0.985,-1.001,-1.013,1.066,0.905,0.759,0.838,0.762,1.204,1.028,1.353,0.814,1.034,0.985,0.804,-1.179,-1.39,1.079,-1.067,1.202,0.995,-1.141,-1.157,-0.522,-0.88
-0.96,-0.947,-0.969,1.018,-0.938,-0.989,-1.001,-1.014,1.064,0.906,0.757,0.841,0.759,1.2,1.028,1.35,0.815,1.031,0.981,0.806,-1.178,-1.391,1.083,-1.07,1.204,0.999,-1.142,-1.158,-0.521,-0.883
-0.961,-0.947,-0.965,1.021,-0.938,-0.993,-1.0,-1.014,1.065,0.909,0.757,0.845,0.762,1.192,1.029,1.35,0.817,1.031,0.98,0.811,-1.175,-1.392,1.088,-1.073,1.208,0.997,-1.146,-1.156,-0.523,-0.882
-0.96,-0.953,-0.963,1.022,-0.941,-0.994,-0.996,-1.015,1.067,0.911,0.758,0.844,0.765,1.19,1.032,1.353,0.812,1.034,0.984,0.816,-1.169,-1.39,1.089,-1.074,1.214,0.993,-1.148,-1.154,-0.526,-0.879
-0.96,-0.963,-0.961,1.022,-0.944,-0.993,-0.993,-1.016,1.07,0.912,0.758,0.841,0.766,1.198,1.038,1.356,0.805,1.039,0.99,0.817,-1.168,-1.39,1.087,-1.074,1.218,0.99,-1.149,-1.155,-0.528,-0.878
-0.959,-0.969,-0.96,1.02,-0.944,-0.992,-0.99,-1.013,1.072,0.914,0.757,0.842,0.767,1.207,1.037,1.359,0.803,1.041,0.992,0.815,-1.169,-1.392,1.087,-1.071,1.219,0.99,-1.148,-1.155,-0.528,-0.876
-0.958,-0.97,-0.96,1.018,-0.946,-0.99,-0.991,-1.013,1.07,0.916,0.753,0.845,0.762,1.209,1.033,1.358,0.804,1.039,0.988,0.808,-1.167,-1.391,1.089,-1.07,1.22,0.991,-1.143,-1.153,-0.527,-0.872
-0.956,-0.969,-0.961,1.02,-0.948,-0.986,-0.994,-1.015,1.068,0.914,0.748,0.845,0.757,1.209,1.029,1.358,0.806,1.034,0.985,0.801,-1.163,-1.388,1.088,-1.072,1.219,0.989,-1.14,-1.153,-0.528,-0.872
-0.953,-0.965,-0.96,1.02,-0.947,-0.981,-0.994,-1.016,1.066,0.911,0.751,0.844,0.756,1.208,1.026,1.362,0.809,1.029,0.988,0.799,-1.16,-1.388,1.087,-1.073,1.214,0.987,-1.142,-1.154,-0.53,-0.876
-0.949,-0.959,-0.96,1.018,-0.946,-0.98,-0.995,-1.014,1.062,0.908,0.756,0.843,0.757,1.205,1.027,1.369,0.812,1.029,0.991,0.801,-1.162,-1.388,1.086,-1.072,1.206,0.986,-1.144,-1.153,-0.527,-0.883
-0.947,-0.957,-0.964,1.017,-0.944,-0.98,-0.998,-1.012,1.062,0.908,0.756,0.846,0.761,1.199,1.029,1.37,0.814,1.033,0.99,0.802,-1.166,-1.388,1.086,-1.07,1.202,0.985,-1.141,-1.15,-0.523,-0.884
-0.948,-0.961,-0.968,1.017,-0.94,-0.983,-1.001,-1.012,1.063,0.908,0.752,0.848,0.767,1.195,1.028,1.367,0.813,1.035,0.987,0.801,-1.164,-1.39,0.965,-1.068,1.204,0.985,-1.142,-1.148,-0.522,-0.879
-0.951,-0.964,-0.969,1.017,-0.938,-0.986,-1.0,-1.01,1.062,0.909,0.751,0.846,0.772,1.195,1.025,1.367,0.812,1.036,0.983,0.801,-1.162,-1.391,0.643,-1.068,1.208,0.988,-1.145,-1.15,-0.522,-0.877
-0.95,-0.964,-0.97,1.016,-0.942,-0.987,-0.999,-1.008,1.061,0.911,0.754,0.844,0.774,1.196,1.022,1.367,0.72,1.034,0.98,0.804,-1.162,-1.39,0.321,-1.068,1.209,0.989,-1.145,-1.152,-0.522,-0.878
-0.945,-0.961,-0.971,1.015,-0.95,-0.987,-1.002,-1.009,1.062,0.91,0.756,0.845,0.774,1.196,1.023,1.364,0.477,1.034,0.981,0.808,-1.163,-1.389,0.144,-1.069,1.209,0.989,-1.144,-1.154,-0.521,-0.88
-0.941,-0.961,-0.973,1.014,-0.955,-0.987,-1.004,-1.01,1.065,0.905,0.754,0.848,0.772,1.195,1.028,1.36,0.237,1.04,0.986,0.807,-1.164,-1.389,0.062,-1.073,1.209,0.991,-1.144,-1.156,-0.521,-0.881
-0.941,-0.963,-0.972,1.014,-0.956,-0.985,-1.007,-1.01,1.068,0.903,0.753,0.852,0.767,1.197,1.029,1.358,0.108,0.927,0.991,0.806,-1.169,-1.389,0.045951851,-1.073,1.212,0.992,-1.144,-1.155,-0.524,-0.882
-0.943,-0.854,-0.97,1.016,-0.955,-0.983,-1.007,-1.011,1.07,0.908,0.752,0.76,0.766,1.2,1.027,1.357,0.077181738,0.618,0.991,0.808,-1.173,-1.388,0.058448866,-1.07,1.212,0.993,-1.147,-1.151,-0.526,-0.88
-0.944,-0.567,-0.971,1.017,-0.952,-0.982,-1.007,-1.014,1.068,0.911,0.75,0.509,0.766,1.202,1.026,1.355,0.031484521,0.308,0.992,0.807,-1.172,-1.384,0.019233244,-1.07,1.209,0.993,-1.149,-1.147,-0.525,-0.877
-0.943,-0.282,-0.972,1.015,-0.949,-0.982,-1.01,-1.016,1.067,0.911,0.751,0.257,0.765,1.2,1.027,1.354,0.018885943,0.137,0.99,0.806,-1.17,-1.381,0.037246323,-1.07,1.208,0.99,-1.147,-1.145,-0.523,-0.78
-0.944,-0.127,-0.969,1.009,-0.946,-0.981,-1.012,-1.016,1.071,0.908,0.754,0.114,0.763,1.2,1.032,1.357,0.033324302,0.057,0.876,0.805,-1.172,-1.38,0.018938541,-1.071,1.21,0.987,-1.147,-1.143,-0.522,-0.521
-0.952,-0.053,-0.968,1.01,-0.945,-0.98,-1.01,-1.014,0.955,0.907,0.756,0.075449696,0.765,1.201,1.031,1.361,0.031387426,0.052822401,0.58,0.807,-1.174,-1.381,0.026825213,-1.074,1.08,0.985,-1.021,-1.143,-0.52,-0.26
-0.957,-0.015365247,-0.863,1.017,-0.947,-0.979,-1.008,-1.011,0.638,0.91,0.754,0.0455939,0.767,1.203,1.026,1.362,0.028216055,0.03712816,0.29,0.808,-1.172,-1.38,0.04156537,-1.074,0.725,0.982,-0.681,-1.143,-0.521,-0.116
-0.953,0.012254936,-0.577,0.907,-0.948,-0.872,-1.006,-0.893,0.319,0.91,0.753,0.051512116,0.681,1.207,1.021,1.359,0.023205329,0.028541798,0.131,0.81,-1.163,-1.382,0.024134732,-1.068,0.367,0.983,-0.339,-1.143,-0.52,-0.052
-0.946,0.006275639,-0.288,0.605,-0.947,-0.583,-1.004,-0.589,0.137,0.905,0.752,0.025656359,0.451,1.075,1.02,1.357,0.0035857021,0.025232772,0.057,0.813,-1.16,-1.39,0.012984811,-0.943,0.164,0.988,-0.147,-1.145,-0.518,0.0065206043
-0.838,0.051419715,-0.128,0.306,-0.943,-0.294,-1.005,-0.289,0.053,0.904,0.752,0.020949282,0.222,0.713,1.023,1.353,0.013634093,0.05503598,0.047670217,0.814,-1.165,-1.239,0.042524802,-0.626,0.068,0.991,-0.059,-1.15,-0.463,0.032803674
-0.56,0.036678274,-0.056,0.139,-0.942,-0.132,-1.005,-0.125,0.051901538,0.806,0.756,0.022116902,0.096,0.351,0.911,1.351,0.028746943,0.015742396,0.037448215,0.813,-1.039,-0.824,0.026193703,-0.315,0.056003466,0.991,0.018407349,-1.152,-0.312,-0.0060693179
-0.284,0.027762519,0.0070582319,0.058,-0.943,-0.055,-1.0,-0.05,0.052283542,0.541,0.76,0.0028048198,0.089845688,0.151,0.606,1.354,0.0073555195,0.011606101,0.033381932,0.809,-0.694,-0.409,0.010082932,-0.142,0.029672457,0.88,-0.0059301756,-1.149,-0.158,0.00699426
-0.131,0.012281964,-0.0019795324,0.045409684,-0.946,-0.011529818,-0.996,0.0082611558,0.043479267,0.271,0.759,0.023753485,0.024333616,0.06,0.302,1.362,0.029336776,0.039391864,0.0083388442,0.805,-0.347,-0.178,0.024144642,-0.06,0.033285467,0.586,0.03957633,-1.147,-0.072,0.023439505
-0.057,0.0025796888,0.033353805,0.0074721171,-0.948,0.0014682689,-0.999,0.0093358403,0.032009619,0.117,0.757,0.032896412,0.017692709,0.032157231,0.136,1.218,0.041385584,0.03830194,0.0040638264,0.806,-0.156,-0.073,0.007900423,-0.0089669018,0.017768196,0.29,-0.00076861477,-1.144,-0.0173309,-0.00032411354
-0.015058931,0.0059810169,0.040041698,0.038616449,-0.947,7.6127859e-05,-1.004,0.017376947,0.012879359,0.078546868,0.758,0.055859319,0.034852183,0.020237539,0.06,0.816,0.0083329391,0.049148719,0.019286721,0.809,-0.066,0.013519749,0.02069332,-0.0058218772,0.046946308,0.125,0.033103124,-1.139,-0.0046787554,0.040843837
0.0059390887,0.03354389,0.036635,0.024287251,-0.944,0.041490486,-1.009,0.045661837,0.01833856,0.027524735,0.761,0.030900256,0.054097225,0.0086878288,0.071716962,0.412,0.043747206,0.019788488,0.024867707,0.723,0.014645857,-0.0078270636,0.013736901,0.039881599,0.012128544,0.081624253,0.040097132,-1.135,0.028416154,0.014758654
0.0022057233,0.024958947,0.023278327,0.02166114,-0.943,0.037339176,-1.009,0.001970936,0.0088605045,0.011558837,0.765,0.034331452,0.034306859,0.0043868573,0.055310807,0.187,0.04521058,0.023780675,0.022555316,0.485,0.0037485036,0.034306496,0.040741176,0.023423648,-0.0040365775,0.042210095,0.01788826,-1.136,0.040307952,0.00026817908
0.0083295739,0.014049092,-0.0042267381,0.036103101,-0.944,0.039694768,-1.007,0.034682027,0.01544655,0.051539015,0.766,0.016959567,0.020519075,0.015942667,0.038153494,0.083,0.032439862,0.049672354,0.045525261,0.245,0.020002965,-0.00038589644,0.022086113,0.043028816,0.019799203,0.015139758,0.032994293,-1.141,0.048546743,0.011073538
0.028908968,0.052159357,-0.0067349283,0.027862932,-0.947,0.012522766,-1.007,0.032000732,0.0018838194,0.0021961534,0.763,0.045007671,0.014940032,0.038590862,0.007281665,0.079712022,0.046582746,0.037647625,0.038916769,0.109,0.010541396,0.023496512,0.024456522,0.032685727,-0.0097237625,0.014328978,0.045593449,-1.146,0.027740004,0.015157593
0.0049785927,0.0060923645,0.01103473,0.032882089,-0.948,0.055483212,-1.005,-0.0026924345,0.0060785177,0.0096735107,0.758,0.038363773,0.047631602,0.030456522,0.010201204,0.048349299,0.0043653933,0.050046987,0.028038139,0.06435647,0.04481672,0.030221208,0.031824587,0.018600862,0.030296381,0.053841896,0.016118925,-1.149,0.020245753,0.0044695272
0.041239881,0.019117893,0.045247913,0.040671358,-0.946,0.025533563,-1.002,0.043406213,0.011074119,-0.0016881604,0.67,0.042943381,0.013869637,0.0042932617,0.032573439,0.048599122,0.040428968,0.048581181,0.034432283,0.040286813,0.0024594863,0.012469521,0.01260515,0.013163971,0.012676234,0.013503212,0.017765227,-1.15,0.042172871,0.011586149
0.010012772,0.019295281,0.046580163,0.024862058,-0.946,0.04745554,-1.002,0.036089166,0.0041999745,0.033717374,0.447,0.035500371,0.02444363,0.0046958322,0.030851179,0.05179558,0.025683726,0.026163674,0.050960028,0.018918154,-0.0017362915,0.0023756684,-0.0065246652,0.033835459,0.045795305,0.019743668,0.032629464,-1.149,0.049434507,0.0026686379
0.019281287,0.031271561,0.0156087,0.045602172,-0.844,0.019687428,-0.89,0.032903978,0.0042974146,0.013090883,0.226,0.036819159,0.024925035,0.039496509,0.019224335,0.030578852,0.019135486,0.029072628,0.010039057,0.030498712,-0.00023316515,0.036747238,-0.0012234839,0.036514882,0.00067984984,0.026008582,0.039545729,-1.02,0.044599028,0.03400657
0.033087255,0.052437295,0.031552999,0.050920546,-0.565,0.04271672,-0.591,0.023434203,0.039414342,-0.0026692225,0.104,0.050525262,0.0028734757,0.038640616,0.0043251627,0.040520353,0.0037822597,0.026550945,0.026112681,0.0090994103,0.023063424,-0.0011196627,0.03301756,0.041069235,0.0096486011,0.0042503479,0.015073769,-0.679,0.042892678,-0.0029084464
0.0099204681,0.037049917,0.042983979,0.025955442,-0.283,0.038830597,-0.292,0.026158447,0.036732761,-0.0049061413,0.060087455,0.040974816,0.022813823,0.035993327,0.00931493,0.0058112946,0.010592933,0.038327926,0.038568529,0.033146339,0.032225119,-0.0026420982,0.038831447,0.035804136,0.04324386,0.019452494,0.038193897,-0.337,0.041920422,0.01617672
0.026583031,0.032577361,0.007943757,0.022115532,-0.126,0.037317845,-0.128,0.0032955139,0.013057972,0.0069833949,0.058411251,0.029423483,0.036931157,-0.0047501859,0.041925682,0.0047780061,0.020219587,0.032552285,0.036815141,0.023308746,0.028307621,0.012390941,0.01689689,0.038451203,0.0096415675,0.0466289,0.021026486,-0.149,0.040247321,0.028769197
0.0094319071,0.0084259838,0.025884929,0.028710872,-0.05,0.00054149601,-0.053,0.047035919,0.039588075,0.018579512,0.0092014217,0.034328684,0.022473589,0.044011349,0.022499899,0.00042950531,0.02313439,0.052308944,0.011256959,0.024901288,0.028992878,0.0079457528,0.042221155,0.012291099,0.0082223083,0.012010349,0.12,-0.064,0.01158824,0.033208729
0.018443621,0.034694318,0.040536708,0.014190117,-0.00030502851,0.023914402,0.011571846,0.014332916,0.050269074,0.028627694,0.0092997792,0.031863827,0.00055478968,0.020690407,0.035077685,0.014164788,0.020114027,0.035750869,0.01200252,0.030452707,0.051226413,0.092,0.019620814,0.0069470295,0.015090942,0.109,0.434,-0.023515198,0.014564398,0.022781934
0.023889741,0.044663156,0.019715904,0.026777058,0.018802919,0.0092937718,0.011218256,0.019538113,0.03687131,0.036786863,0.037042685,0.018882933,0.00049476933,0.047741521,0.048866785,0.009514716,0.00014655377,0.03598284,0.013016908,0.021412216,0.040699715,0.346,0.011085654,0.024746583,0.118,0.4,0.746,0.0026370183,0.05082605,0.056061816
0.043350606,0.016633345,0.01317706,0.042685738,0.038632845,0.0090317247,0.043076202,0.052151043,0.010028973,0.033169289,0.007128392,0.047148413,0.034198621,0.0098348837,0.0076516371,0.041770472,0.040893237,0.027195561,0.040423091,0.035194636,0.037513741,0.6,0.12,0.024701853,0.415,0.689,0.919,0.098,0.033449524,0.055468586
0.030228536,0.030271456,0.010578976,0.018282146,0.022510847,0.0035913165,0.016305942,0.022713995,0.039108186,0.02206218,-0.0066336044,0.0093666165,0.044698484,0.025183046,0.027863956,0.046716488,0.025664474,0.010571572,0.0083706204,0.043887561,0.04942351,0.74,0.446,0.114,0.714,0.849,1.001,0.386,0.018292231,0.0087817829
0.031086542,0.019204071,-0.00020579717,0.010616587,0.0045877879,0.043817808,0.024488727,0.018762965,0.026230703,0.025440664,0.013818691,-0.00023788916,0.022221851,0.045780682,0.011307972,0.044442688,0.038186425,0.00071233322,0.0071945213,0.018681162,0.04439299,0.801,0.772,0.422,0.884,0.926,1.039,0.672,0.106,0.1
0.012996399,0.025007295,0.015421146,0.011361074,0.015462025,0.0058645308,0.04024018,0.031920957,0.0013916097,0.02437162,0.040676985,0.025705631,0.032515042,0.0043918636,0.011276262,0.028049118,0.04492416,0.036944592,0.026108732,0.010380217,0.022061005,0.823,0.955,0.726,0.965,0.96,1.057,0.832,0.366,0.354
0.034532338,0.0047189444,0.015068841,0.011362604,-0.0056316916,0.0075749078,0.024335563,0.0043008252,0.021897103,0.0022384986,0.050157012,0.035856305,0.010355441,0.023546782,0.035050775,0.047197396,0.0094882936,0.0045633801,0.048713823,0.0084547456,0.024933891,0.83,1.043,0.892,0.999,0.97,1.066,0.91,0.625,0.604
0.03117658,0.02989895,0.060528159,0.025945068,0.012894473,0.046299133,0.03386193,0.039352243,0.047306729,0.0081981936,0.051189781,0.044037712,0.020158603,-0.0044881023,0.04304881,0.013060317,0.00988539,0.039512027,0.011466422,0.0097244497,0.017428492,0.834,1.082,0.969,0.896,0.974,0.95,0.944,0.77,0.743
0.019603584,0.03201885,0.018617595,0.031412962,-0.0045891752,0.039123095,0.025164322,0.0033430956,0.046220532,0.0333359,0.030381704,0.040275713,0.013017482,0.018064288,0.035404391,0.038318151,0.011982901,0.042119848,0.02344342,0.0447679,0.017351927,0.738,1.096,1.003,0.594,0.979,0.631,0.96,0.841,0.813
0.027655279,0.049079953,0.048760359,0.014264444,0.029480553,0.042511683,0.031041621,0.037038698,0.049833635,0.020902958,0.0084785373,0.031593996,0.053529385,0.042541746,-0.0013843403,0.047291582,0.037908796,0.04212316,0.0073077048,0.047110461,0.089,0.488,0.978,1.018,0.293,0.98,0.308,0.86,0.872,0.847
0.041001638,0.025824827,0.041059251,0.017901617,0.00023996131,0.0041764753,0.029625625,0.037010651,0.017252844,0.022164179,0.04096128,0.027473193,0.0191234,0.0055146769,0.035170996,0.0099145125,0.018894937,0.035241181,0.055588174,0.034685431,0.323,0.243,0.655,1.023,0.128,0.87,0.13,0.574,0.887,0.862
0.019075367,0.029944055,0.019924015,0.022442366,0.021224528,0.043529554,0.016539386,0.022439958,0.035797422,0.039735639,0.04662376,0.00080943677,0.020812665,0.017401777,0.0089652925,0.037525918,0.0060072405,0.0057523678,0.020158453,0.0080546327,0.556,0.107,0.333,0.911,0.052,0.582,0.052,0.283,0.795,0.866
0.034208601,0.036964033,0.043864909,0.0074004556,0.035658042,0.014155193,0.00010674263,0.050868853,0.019713145,0.040762831,0.03018186,0.027174337,0.029589052,0.042547635,0.015421411,0.026730907,0.0037030442,0.028412641,0.029976235,0.013114252,0.683,0.058225649,0.153,0.609,0.028971868,0.296,0.061863532,0.12,0.535,0.77
0.022830972,0.01122764,0.017685771,0.021471806,0.019190653,0.013723285,0.024403118,0.033487307,0.0070890611,0.026747618,0.0042860999,0.038434218,0.017572483,0.040152034,-0.001928908,-0.00083820057,0.041673552,0.040423775,0.0016963235,0.033192964,0.656,0.030141737,0.068,0.307,0.020197513,0.137,0.053760798,0.049521591,0.271,0.516
0.013387386,0.02504034,0.046659284,0.0054431651,0.044963907,0.046840932,0.011807985,0.024976181,0.025530342,0.016017501,0.010385607,0.034530467,-0.0060207578,0.020396938,0.0011284759,0.034547563,0.026169868,0.028007071,0.023420222,0.042458884,0.448,0.020067398,0.058664944,0.137,0.025705695,0.061,0.010021637,0.019522058,0.123,0.261
0.038906948,0.044364509,0.0057168026,0.045583447,0.014297094,0.041271348,0.017890779,0.038272024,0.016540905,0.0059762071,0.0083923117,0.01209302,-0.0040707647,0.0047334671,0.022693278,0.043027243,0.011956278,0.042979278,0.0019236507,0.056703196,0.222,0.046980268,0.048090825,0.052,0.047774109,0.045994688,0.0073811072,0.034481934,0.053,0.116
0.039187692,0.043476064,0.019495807,0.0010838558,0.0054194815,0.05191402,0.050494164,0.04474241,0.043077153,0.019718938,0.012824332,0.031117289,0.032843327,0.01217781,0.017271306,0.029673484,0.017030585,0.0078219738,0.009546573,0.037885807,0.099,0.03983926,0.015238165,0.01663251,0.030197305,0.016570574,0.024623049,0.010529237,0.05825559,0.054479596
0.053616705,0.044163213,0.021592093,0.01909122,-0.00023045427,0.058153234,0.043163297,0.036493486,0.016094525,0.047346916,0.034799695,0.034468192,0.024834268,0.0074214581,0.03041236,0.040039428,0.042735397,0.013169194,0.040741103,0.03089862,0.086371036,0.043437942,0.0058206285,0.042944216,0.046021928,0.035082589,0.036584723,-0.0014036252,0.043166681,0.035681465
0.054673016,0.021766566,0.018679618,0.0057053971,0.027151247,0.039676077,0.044116324,0.049314919,0.021924345,0.046558881,0.040201583,0.019124744,0.021688613,0.030918182,0.043342857,0.042359065,0.020153729,0.022393536,0.041874495,0.0036546014,0.025931849,0.013386886,0.011546653,0.0051458638,0.023462093,0.029419838,-0.00072488138,0.020477602,0.021083219,0.017616499
0.031523157,0.0077890262,0.02247886,0.0035783301,0.029029138,0.042518082,0.039954218,0.0080550872,0.022698522,0.0096489859,0.024172585,0.03265032,0.0030270801,0.015120236,0.021740895,0.042692852,0.044714206,0.037013136,0.017629308,0.026906454,0.040767687,0.0021647962,0.0049040578,0.017876667,0.044237029,0.042603962,0.012797836,0.035247999,0.024089769,0.038394249
0.03978737,0.029194197,0.032203582,0.031542128,0.040782122,0.038279709,0.022574092,0.016889084,0.032514987,0.016743479,0.034069292,-0.0015038401,0.043418784,0.029301206,0.036404117,0.030528236,0.021252998,0.030751863,0.030976832,0.012218327,0.040368163,0.046899938,0.011745922,0.00048031413,0.0098421582,0.019625486,0.033052438,0.051910074,0.017605435,0.022592183
0.020660802,0.021837388,0.045187206,0.03438603,0.034723072,0.034262045,0.014495288,0.042329657,0.011915032,0.017161735,0.025986618,0.044440578,0.045978081,-0.0058164213,0.031818808,0.0088316772,0.0084308334,0.053828632,0.034516296,0.0064504808,0.0095370751,0.024403212,0.033174488,0.019827202,0.044154025,0.01997462,0.034233759,0.050559775,0.012019675,0.040567153
